x1,x2,x3,x4,x5,x6,y
-0.03251149317340901,0.3550303129080675,0.3631885882710423,-1.0,1.0,1.0,5.337792730257113
-0.9330641305800667,-0.7186374396867111,-1.0,-1.0,-1.0,-0.5827724600670066,0.43536101343542344
0.610015751163894,-0.504130944699048,-0.22327920901162723,0.31036930389350637,0.6737728558535441,0.5178199329912001,-1.2275508370469757
0.9516649953659102,-0.23458722770096485,1.0,0.29136698300795105,-0.06514931663554169,-0.8085310826124101,3.5137466105804
-0.18758363565208258,0.09687996769127782,-0.061797761232993825,-0.44018591981212984,1.0,0.7422930309425393,2.7372820162431744
1.0,1.0,0.9587296523177757,1.0,-0.2462964934617065,-0.18002726049612633,0.5653048263881004
0.12561006254222762,1.0,-0.08623428911674957,0.2396209757568724,-0.9555105456830466,-0.0066654654073916575,0.8409272128711582
-0.7609183600103238,0.6565618359483987,-0.7300909617532632,0.31391805732294,0.030866615744374326,0.7737952526890877,4.117521052817464
-0.25188395303956823,-1.0,-0.6438429769012514,-1.0,-0.4391775885456113,0.3556718493738669,-1.9131993935185891
0.5369724299969743,0.0018166033915153479,-0.8759836610374102,0.710197936749142,0.7329503464325968,-0.1618794917782665,-1.3607416048785177
0.2700555104901632,-1.0,-1.0,-0.500172088722752,-0.7554385234347835,0.9889888609344747,3.8409086457968002
-0.5662389292002568,-0.06616111766800503,-1.0,-1.0,0.1554874556432697,0.42019071389131435,0.8406523928763907
1.0,1.0,1.0,1.0,-1.0,-0.34656090001374784,4.893173803256406
-1.0,-1.0,-1.0,-0.9962635634226797,-1.0,-0.6322534107802678,-0.191807644803772
0.3203397833286824,-1.0,-0.5179723362770395,-1.0,-0.7442957483673284,0.26205703508474615,2.721077342147898
-0.9803189092710602,-1.0,-1.0,-1.0,-1.0,0.31478309028201334,-3.3823169118907863
-0.8404659565889454,-1.0,0.034832239351488936,-1.0,-1.0,-0.5287560432549698,5.559079186853732
1.0,0.14292695292885504,-0.765299148075832,0.23028217171214754,1.0,1.0,0.8450733716436359
-0.06261687654268866,-1.0,-1.0,0.9213868644198357,1.0,0.5287982433988168,-2.36388035544191
-0.6886986275644781,-0.33001927009163645,1.0,-0.07168388986313468,1.0,-0.04857909828744689,-0.037352272239761286
-0.26960709029546787,0.018655755850721545,-0.6230860017581722,-1.0,0.7496619837819217,-0.22427566886305605,1.199513355704207
-0.039070263350970524,-0.40096231185452835,-0.8333011712673897,-0.7930640926826156,-0.6279982599821265,-0.08239833653356987,-0.5162033168192947
0.24128443411854195,0.7166555215865831,1.0,1.0,1.0,0.9652578824915503,-3.518694198640831
-1.0,-1.0,-1.0,-1.0,-0.2633107734350718,-0.4052851427289723,-5.077174038876072
0.27436607133087776,-0.48875566614597443,-0.403916011721864,-0.690121533064432,-0.8742195868841863,1.0,5.420180497587779
-1.0,-1.0,-1.0,-0.21036990220574453,0.7662243169522628,0.3263920316875486,-4.443498865778495
0.4245509531705294,0.9886256811780947,0.3313668890323147,-0.24604562443930236,1.0,0.970779214761184,3.3279606200519365
-0.5502024745531519,-0.6275954121630866,0.7060894716731162,0.7418863982990949,-0.29554253424368626,-1.0,2.5534286459612257
-0.22677232778513484,-0.1637645212970854,-0.4909359215469483,0.050211321352628846,0.16918286459583642,0.7543540368744208,2.9981049627441574
-1.0,-0.1079244381011687,-0.5660125771746718,-1.0,-0.17476072391968936,0.9581810204902769,1.7574443374698232
0.8750305626867643,0.8656420825797018,0.43941954360753854,1.0,0.9736730346236595,1.0,-1.9720324476464657
1.0,1.0,-0.562508547766543,1.0,-0.6392451300827428,-1.0,10.520723640577222
-0.7850041500936684,-1.0,-0.5932788887034066,-0.41435815321771063,-0.4879919831984145,-1.0,2.346172906390663
-0.23742612333812918,0.058292637897317645,0.4674185686419965,-0.273184920683905,1.0,-0.1185773911255541,1.616107135229786
-0.35770468861365623,0.05731183315144017,0.34329092325420957,0.8979208387488176,-1.0,0.9274709692110219,1.4433498712842445
0.8241050941974548,1.0,1.0,1.0,0.45438484418617664,-0.6540112971262424,-2.712433883396687
-0.6534040252373536,0.6722532574292485,1.0,0.25801657804403666,-0.20961079824769863,-0.39491562169286853,-0.9945064431364488
0.43149262941126465,0.40110393629032315,-0.48662310930938224,-0.5846229263651439,-1.0,-1.0,2.884449947372811
0.3689302467780965,-0.1717257996443921,0.4526089810121465,-0.06922036831340461,-0.7951152545426425,1.0,2.907988687422873
-0.9751188420586525,0.40377056386608046,-1.0,-0.577424048755493,-1.0,0.10606026309970473,-2.664049035161079
1.0,0.22485231477681583,0.2601897624826301,1.0,0.12346703942363144,0.33836681191949936,-0.6788315848044052
-0.15733184814308698,1.0,1.0,0.09532357689053117,0.32104682239422677,0.9936924052780713,-2.319966734424844
1.0,1.0,0.7094120951308056,1.0,-0.2672833893325385,-1.0,6.7967998365657785
-1.0,0.08667587450297776,-0.7425363670066771,0.05643781811764759,0.8064695790628413,-0.4468936496394178,1.7943161584432739
0.08490822576718604,1.0,0.1466434510450172,0.9037182064119618,-0.6222885121412368,1.0,2.718356808100619
-0.1647699073575174,-0.585893377235089,0.2520470443557089,-0.5203014973598246,-0.3471817545800695,-0.06700285694723229,-0.42564042140366953
-0.005139551200722625,-1.0,-1.0,-1.0,-0.8803912793749304,0.010420879141654016,0.6062655630626157
-0.7537048870020039,-1.0,-0.7369038737284559,-0.7475961799824538,-0.02040619649140929,-0.8669657940509702,1.5798529618631303
0.4328816494536385,0.22531207386595975,1.0,1.0,-0.9886613875538208,-0.35327735540519845,1.9353124170110951
-1.0,-1.0,-0.058655306100199756,-1.0,0.24044495827436652,1.0,-3.066729913131594
-0.8648163752630041,-0.2054932102415159,-0.23401112416127132,-0.019515913536328866,-0.9846023834590476,-0.8400997170145721,-1.6824930568984495
-0.07201484830078772,-0.20454753163919093,0.24779752556658652,-0.7012335032424268,-0.11463776689457572,-1.0,2.9975443068461542
-0.17155790744090127,-0.9249847934769859,0.3987699815181562,-0.5966827027629453,0.9017343949735972,0.776268953343322,0.8550702398369274
0.029849139042019024,1.0,-0.18771764340189856,-1.0,0.18333654153456225,0.22809206500501544,0.8910174350794435
0.058252652035000185,1.0,1.0,0.3046157850888469,1.0,1.0,-0.5705335589257254
-0.44349737408988077,-0.30481305904509437,-1.0,-0.81219315511761,0.02492659462043023,-0.8371691227981278,2.657212659585437
0.6813448344676777,1.0,0.7056903446504115,0.9301965274346574,0.2713960655754629,0.6616709509253969,-3.440622174193113
-0.7131686574587585,1.0,-0.11586622476482522,-1.0,0.36462977154161513,0.04678776888551456,0.3975987972765276
-0.10056266840872274,-0.7345580636779937,-0.2648728834767893,-0.30482561327027247,1.0,1.0,3.5268343770848385
1.0,-0.6818557680588118,-0.2881683788622841,0.32062879282380885,1.0,0.8712698588476462,-1.3593903396424887
-0.7644352824555508,1.0,0.5577965739967736,-1.0,0.5624477586206502,-0.006583508535767835,-1.9578285554226558
1.0,0.6613328231165378,0.12367568219393754,1.0,0.6279815889040501,-1.0,3.054488524680391
1.0,0.7685657166726756,0.5305785767914352,1.0,-1.0,-0.053241456064215875,4.388450251671035
-1.0,-1.0,0.02982739848431995,-1.0,-1.0,-1.0,7.116865999844351
-0.7923820665537213,-1.0,-0.0014063097291707738,-0.907021302896019,-1.0,0.5912367484021842,0.419226595798597
1.0,-0.1628198479299188,1.0,0.2888854439726042,-0.30223632642768306,-1.0,6.252452531913896
1.0,-0.6633706138116344,0.31344051081749047,-0.5417358792746176,0.29997173352832274,1.0,-0.552237681513919
0.11553550101713661,0.21167378704570128,1.0,1.0,-0.7784363430130354,-0.014524760238049661,-0.4944003209971425
-0.8802816401309468,0.5126395032152055,-0.4990712572639734,0.3398514534319903,0.8947903121864607,0.4330498796173278,3.471623029243844
-1.0,-0.208023332659794,-1.0,-1.0,-1.0,0.21581810256102743,-1.8695571332351533
-0.49228308978381646,-0.6586281488092444,0.6703831721644122,0.39127297183321674,0.813473200313122,1.0,3.0959958279015645
1.0,0.2837206751873964,0.001306031465641691,-1.0,0.47099343289152634,1.0,1.982458881643376
-0.2077963155728102,-1.0,-1.0,-0.9083677016796825,0.7814818868024411,-0.7658620547742443,-0.8495146664048697
-0.5862663080701016,-0.17383933991201872,0.020595807973601055,0.41952271700166477,0.7946561093754649,1.0,5.379517544646699
-0.4508042112256713,-0.251086640091581,1.0,-0.1626296122694011,-1.0,0.17381796956151174,-2.3348315918344276
0.20725764385756298,-1.0,-0.9457267165375848,-0.945118588785642,0.31651821556516074,0.6868860635613727,-4.1702370583199615
-0.12189635205101179,-0.0005001592566828972,1.0,0.278493663813431,-0.14697358036113664,-0.8647291446346849,1.7560609455395584
0.9824344859491705,0.941243948152181,-1.0,0.4298226629972724,-0.4070116087997279,0.4192795169780811,4.604571644338655
-0.5824573640810264,-1.0,-0.38611312716628415,-0.12858302405466782,1.0,1.0,3.712966090914841
-0.014318741136489122,-1.0,-0.6944321862931249,-0.11943670765031689,-1.0,0.2017975870114737,-0.9839948176324399
1.0,-0.5575031945313169,-0.7539410875035248,0.6674590948305259,-0.7442204549670899,-0.8563714680096466,5.177828579045534
-1.0,-1.0,-0.19965760832301882,-0.8372872179904624,1.0,1.0,1.7517033841219045
1.0,1.0,0.33905204130803984,0.05165434108777345,1.0,0.5819375947793777,-1.5018396287405786
0.5656760091874999,1.0,1.0,0.4304391947435191,-1.0,-1.0,0.3412683423722578
-0.47907318626940165,-1.0,-0.16534902225698722,0.23744886786749267,1.0,1.0,4.533369641751549
0.10276220021718452,-0.9223714628840549,-0.9289831490068454,0.4453741552567516,0.8979916267067702,0.5239924043020405,-1.6924050698022153
1.0,1.0,1.0,0.003680636907221979,0.7289888411563934,1.0,-5.180605444613388
-1.0,-0.21431042396484168,-0.36600459959525344,-0.7973044053732896,-0.7844014010336117,0.11093814025908522,-0.9108669494937293
-0.6919368515636498,-0.4469382699960829,-1.0,-1.0,-0.8337428004206519,-0.1802460791876469,-1.7307752986341516
0.5563646684405164,0.47464982174530235,0.06749945444243433,0.22045011457025154,0.13091810781728386,0.5243574132746762,0.31248363441022126
-1.0,-0.03641737602727835,0.1573543077821924,-0.29688626546411573,1.0,1.0,5.6696727894031245
-1.0,-0.7543867914376052,-0.22250707737346986,-0.8487088942003398,0.9206972151609172,0.4131763639961483,1.5518265005311611
-0.08570860549780177,-0.9658218504844109,-0.8235386355940584,1.0,-0.17145262004556394,-0.6194195330162731,-3.193328201168987
-0.019129777613012156,-0.061055190843844365,-1.0,-0.82165069080118,1.0,1.0,6.359048305580926
0.8314342965133256,0.9667352488722015,1.0,0.8011660383330377,1.0,0.13266327714778686,-6.6798951450605575
-1.0,-1.0,-0.030867835902238183,-0.4767137935609058,0.11978500634080547,-0.9648234892905678,5.09183341066605
-0.22335378658844074,0.050484033416598906,-0.8856826915259259,-0.8465446034258852,-1.0,-0.4224386116044739,-0.6402598058871123
-0.08956263949969893,-0.5511301707307046,0.19842629913456167,-0.014155451846612793,0.12290282057441404,0.867008089907251,1.8469278641818059
-0.6005634475753887,-0.8819765306066134,-1.0,-0.9180721179616445,0.8020409636915383,0.06129772143731996,-5.075575796481194
-0.17667714055527783,0.343348818934335,-0.759884479562777,-0.3780026000359718,1.0,1.0,8.091338883491467
-0.28022058353265644,-0.2379466013829985,-0.23277874351448702,-0.7312318061577736,-0.27750766438529095,-0.14954455060146624,-0.20651487798180548
-0.9580668046970204,-0.8136507269034139,-1.0,-1.0,-1.0,-1.0,3.6673102609590176
-0.8957726994068713,-0.26711191510187104,0.14779150667367824,-0.484058322767892,0.09209632178496818,-0.7319276180337593,1.6333632664061968
1.0,0.24929107665924377,-0.09361396394090243,0.5355402277971764,1.0,0.3968520789210952,-2.0780864424898926
0.21542769554706132,-0.8569135120652452,0.7954826822701396,-0.5449286487840748,-1.0,-0.6273897080344292,6.156305192181323
1.0,1.0,1.0,1.0,1.0,1.0,-8.475020773748382
-1.0,-0.45351118270099655,-0.7572522910403832,-0.04524477604623972,-0.7715896165621206,-0.4346111394346198,-1.8703543798526028
0.589462468912977,-0.4662904658061122,0.5903008612415341,0.014757769325704162,0.7724861202383287,0.19764765081716784,-1.2268246426561091
1.0,1.0,1.0,0.7456844937427043,-0.6964840377044137,-0.8534976161381753,5.3548682581748075
1.0,0.5096288980506352,0.548323266294012,0.6843371069785246,0.9411796989192839,-0.4679612286294319,-1.1079620948009774
1.0,0.9909898345295236,0.8191035321746013,1.0,-0.7272201914782318,-0.23193691705283004,2.9002175776705412
0.07936944354217812,1.0,1.0,0.5681583546360527,-0.007845929223079112,-0.7902820980168354,-0.9630701960054555
-0.3703350885099469,-1.0,-0.6036373896540936,-0.568864159160803,-0.8849976244450679,-0.17255382203116842,0.26504004470369524
-0.5784208507071341,0.08264733493411497,0.14945964418893276,-1.0,0.08974216770609145,1.0,1.659192227611701
-0.14488860887031418,-0.3420838360556743,-1.0,0.17798130788546868,-1.0,-0.8605356721067592,-0.07038250034937299
1.0,0.9878405926037035,-0.038036042267453885,0.20585751736725022,-0.5791551176771328,-1.0,5.58109253724314
0.9292520266338422,-0.185905753608557,0.9370227201056395,0.025494708486601736,0.3064256504107652,-0.42936426865198296,0.640305128775479
1.0,0.7117590889637442,0.10200681749217677,-0.5000077646579837,-1.0,0.4960771920638978,3.9568192002007407
-0.32903598466049094,-0.07186263138750637,-0.1780204483777808,0.8668289171970256,-1.0,-0.8840238701622495,1.5891876164065843
-0.2901556916865863,0.030115351204913043,1.0,1.0,-1.0,-0.43677745399438894,-1.8479310347516655
0.6631220127782763,-0.07762176095554785,-0.7138936763160514,-1.0,-0.7275979130014429,-1.0,3.916923999892075
0.6236444228259388,-0.5836942186127207,1.0,-0.35655273728125336,0.29699607384292337,-0.10415899937507234,-0.707076339544825
-1.0,-1.0,-1.0,-0.3086520440193734,-1.0,-0.05124785099869339,-5.587046266375792
0.47183271497304835,0.11307648393010383,-1.0,0.18820475368084288,-1.0,-0.19835676313473782,0.11275746522050667
-1.0,-1.0,-1.0,-0.013021909601259152,-1.0,-0.13927548258637373,-6.898583906045618
-1.0,-0.24960015477115094,0.2615205281361061,0.142580558749347,-0.7452502866217763,0.19753291468776532,-2.6222364863925898
-0.7150124366843684,-0.17900973831565548,-0.6484701067258938,-0.07911189092242621,1.0,0.49701234457820664,1.9955028687558072
-0.19109205066980217,-1.0,-0.5081816504659238,-0.9984395087311222,0.029530848206603344,-0.6319332983552155,1.6611435265151477
-0.15941392984122754,0.3148280634434655,-0.9874871742352315,0.23980855050475225,-0.9039336860028773,-0.04152677421506661,-1.011038968153409
0.5850770260850309,1.0,0.5821437020615536,0.2726682552682416,0.6035751214702286,-0.3572340684434171,-2.378077212654086
1.0,1.0,0.048193365058544435,0.3110206695312192,-1.0,0.8898527941645723,7.4806577137301575
0.7194653419029271,-1.0,0.06035386500492429,-0.6216780312118533,-0.8569866026720647,-1.0,9.157377088702457
-0.4467039464789049,-0.37028688547251964,0.11720234520694295,-1.0,-0.2776927188937651,1.0,0.3613021900874917
-1.0,0.3088948390106127,0.9871158325201939,-0.8034342757856214,-1.0,-1.0,-4.523991173161292
0.7454872437247065,1.0,-0.12217934209291414,-1.0,-0.4263680440245866,-1.0,4.900645814662234
-0.05845436492193276,-0.890386379302134,1.0,-1.0,-0.9728342696439356,-0.5854892722218048,7.411852646023011
-0.8991357138292178,-1.0,-0.5995805960104933,-1.0,0.9814487545630737,1.0,0.058706303659988635
-1.0,-1.0,1.0,-1.0,1.0,1.0,-3.2403265194428044
1.0,0.7917526523836285,0.37617214922168135,-0.03622870831518543,-0.5136667505241477,-0.27996868084077076,0.6884126566458022
1.0,-0.29032380295870536,0.4260257632883422,0.20194939075820034,-0.5201227951872611,-0.8417384653577501,5.370544550036586
-0.7173987842095326,-0.10726884581807294,-0.7158472703824197,0.878984730166795,0.794733488393546,0.9949162083354823,7.047289471510029
-0.7757204663183775,-0.06163094367287325,0.10614611300141774,0.6572920972404152,0.03849169012463749,0.03302850994375084,0.7005519866765807
-0.6412959660702712,-0.47927390275312454,-0.16228357962506296,1.0,-1.0,-0.19541344115995504,-0.5630087825665803
-0.7126320215276074,-0.8681633251732377,-0.9761484503397018,-1.0,-0.5038982873656093,-1.0,3.608186966282102
0.1818436455691531,0.3416785162670657,-0.6282238976544461,1.0,0.28332901614087624,1.0,4.745094781223695
-0.483231481371027,-0.285101366122801,-1.0,-1.0,-0.3363965751465312,-0.45206822722042095,-0.9313592853338348
1.0,1.0,0.8905262087462222,0.13666605543735422,0.6602835709474353,0.5987842190481181,-4.423567036439957
-0.9565931202630001,-0.7048193733852189,-0.2450819773262103,0.47964205187606684,0.2927594657198763,-0.63014386253181,2.1941326196473554
-0.34564941633197327,-0.7945449617919118,0.027113979400829755,-0.35351156111323945,0.8230300374934689,0.3357868256937302,-0.2887983645051131
-0.4230792324029278,-0.8331848993619315,0.050880818102055525,0.25484310479789174,-1.0,-1.0,1.101009148483024
0.2648084903969963,0.005313455058448602,0.40946640355029196,1.0,0.8189302298608635,1.0,2.270079998842587
0.471762217050552,0.035652893281969966,0.5475481343584772,1.0,-0.09994158650677548,1.0,1.2770469695026652
0.3500393396640552,1.0,-0.48783776100515047,0.9393296533814239,-1.0,-0.19382240603526601,4.330548185511029
-1.0,0.07535714744116206,-1.0,0.10417306989628605,-0.9298610873594939,-0.8389993028748695,0.16729365025245588
-1.0,-0.17533268557171178,-0.2998712293543113,0.6202667398803946,1.0,1.0,7.593268134189419
-0.1425491349561906,-0.5996787609427436,-1.0,0.014810884485330768,-0.3584279611527019,-1.0,3.199226160667323
-0.42058138421566027,-1.0,-1.0,-0.8061243464165753,1.0,-1.0,1.739397925665597
0.254631576758906,0.9217992314796704,0.30855236660255825,0.6069706857377271,-0.10453644815537344,-1.0,2.7438069762052373
-0.2399022742340389,0.8825271813965471,-1.0,-0.7155373051529849,0.4786245872633285,-0.7530242066753411,1.901256933629868
1.0,1.0,1.0,-0.22113798559413933,1.0,-0.2453776299684155,-3.5905388955524127
-0.8440263341599521,-0.4445975284389482,-0.44931712582902705,-1.0,0.1252911921014055,1.0,0.5181741601360973
1.0,0.13101864716175649,1.0,1.0,-0.12487275900722328,-0.885958833127284,2.8298549674917375
-1.0,-1.0,-0.7061941850779663,-1.0,-1.0,-0.5564416164662036,1.706007380448115
-0.07952625647984496,-0.5584116727797126,-1.0,-1.0,0.7085641464265993,-0.681172316184963,0.1682296841222888
-0.9541119841207621,-0.16662509356193766,-0.21219533602162644,0.3468038398218204,-0.42664046905555325,1.0,0.8762517300868022
-0.17222606479757718,-0.35169435264292437,-0.09581211658530919,0.1201713696932189,0.1715180256395106,-1.0,3.002386658119547
-1.0,-0.5932298612086297,-1.0,-0.6992628303087349,1.0,0.043357898641922854,-2.05426328396755
1.0,0.45031090059518664,1.0,1.0,-1.0,-0.0547726256111607,4.5644053170110475
-0.8727748782118485,-1.0,-0.008792630160891157,-1.0,0.9720116851561402,-0.44584165906093554,4.142666153828184
-1.0,0.9471616374214877,0.4393203012108319,0.31019860980345043,0.3970762279570921,0.29440020515794596,-0.9376227007275038
-1.0,-1.0,-1.0,-0.5143646400099171,-0.3354003828133531,0.3534539713407186,-5.103305377640812
-1.0,-0.4097627073607297,-0.734088355504958,-0.49361306135758776,-0.596288069430174,0.03680429140542041,-1.188690848692712
0.8167915399005391,-1.0,-1.0,0.07772697058557809,1.0,1.0,-2.3448713261679495
-0.8653219385810422,-1.0,-0.4027919829282405,-1.0,-0.18194411245877706,-0.5494112868868817,-0.6895787650869711
-1.0,-0.7987369220452294,-0.6569820337646295,-1.0,0.10244718204655379,-0.38066563011093857,-1.3535661145897526
-0.42160222842398004,0.12468058877339616,-1.0,-1.0,0.2269431227118025,-0.15355005901243635,-0.5707038070467414
0.9798218345402263,0.5200986626518813,-0.0843626168119398,1.0,-0.1513651912312859,-0.6091361776044688,2.999592384203802
0.28024391161964135,1.0,1.0,1.0,-0.8407445601081331,-0.7259800838913091,0.29011136809167937
0.1932683733650562,-0.6974536477359181,-0.8441920948720422,-0.43978780481108815,0.7725504444227463,1.0,1.806845905415019
0.662645555648697,1.0,0.12711632547898966,-0.1121295337538204,1.0,-1.0,0.29497755870242526
1.0,1.0,1.0,1.0,-0.3358567393088904,0.6150629833699566,-2.5476614876199135
0.34854920854687577,0.10417342244681346,0.6229179959184312,0.5746655036875596,-0.44126133811813983,0.11006032522336961,0.10852090488335245
-0.7765157264613749,-0.663365063552315,-0.37719207163530855,-1.0,-1.0,0.8204247586620659,2.0277702393166797
-0.1579132068266126,0.5354268234306904,-0.01865843131415454,0.6735724757938358,0.19082673325263844,-0.8543691806983689,2.488417515059373
0.19589061255438434,1.0,1.0,1.0,-1.0,-1.0,2.180985121901947
1.0,0.6079862468513527,0.2887297372430603,0.6988286194029603,0.6900575009462843,0.7477300751752861,-0.9218049707956476
-0.2531419335904953,-0.15710558338443212,-0.6808662596465461,-1.0,-0.784725229386416,-1.0,1.685537253630912
0.057113705101637324,0.06981184011203573,-0.8694480519189238,0.3146713671003098,1.0,0.25298128236402806,0.9297928550517209
0.43909541894239723,1.0,-0.20791490412950042,1.0,-0.5066037610691776,-0.12447873334030043,3.1655992422777333
1.0,0.9020255340373315,0.7727471773541601,1.0,-0.12211613687850809,1.0,-0.663365333195814
1.0,0.6163261341934446,0.2654151023810496,-0.1519740765393588,0.1478739876188485,-1.0,3.6812705410113846
1.0,1.0,1.0,0.9241981178219716,0.15678116719551566,-1.0,0.1979344416440827
-0.12321465985894126,-0.033332161120556314,-0.6861748962791996,0.9699279667858386,-0.283529488519947,-1.0,2.6523230334404966
0.35148665386839606,0.6616348386409637,0.7259671942656981,0.38617901577396185,-0.8444338765162455,-0.807820618122685,2.064122962356339
0.10363801218795554,0.8437481499377724,-0.3716737535438525,0.0653044821564106,0.5752488350872833,0.9571184341687498,5.198544352495846
1.0,-0.37800514745475544,0.4138819416158044,-0.057299335810353735,-0.120086012730312,-0.7595128648873766,4.837612255402429
1.0,0.3806220477768134,1.0,-0.4601876833942076,-1.0,-1.0,5.7606189560905054
1.0,1.0,1.0,0.2885896755486985,0.4888005209931705,0.15985069791075457,-3.4278021876675675
1.0,0.024734771532572974,1.0,1.0,-0.15759896090443648,0.7005191299424571,-2.689684237843605
-0.3147537786744462,-1.0,-0.5988845297754888,-0.3412903597661039,-0.5390643911404253,-1.0,2.408807844677443
1.0,1.0,1.0,0.06291439573858204,-1.0,-0.4594184637322447,2.4175683488500335
1.0,0.7862145484418287,0.8550461276075495,1.0,0.7850368344412093,-0.5466397006601156,-3.472130221404309
1.0,0.740004251774522,1.0,0.22482407476029476,0.15541845046689542,-1.0,2.1659537486780716
-0.7374899021374778,0.09946732697052656,-0.9697574164319918,0.6659577424133528,-1.0,0.4204242381133543,-1.99941302830895
-1.0,-0.3015850956933248,-1.0,-1.0,-0.8097745087247222,-0.25915514162475894,-2.7106716782888025
-1.0,-1.0,0.5015152134119676,0.12240934379961316,0.053159692752925425,-0.20046461681485694,2.1913206814865602
0.9078220764438641,-1.0,0.5876443776468487,-0.37973332608437166,-0.3015137750569733,-1.0,9.665664486413483
-1.0,-1.0,-0.6008252125683435,-1.0,-0.14838313317253637,0.717271434571515,-5.14948302906433
0.2668090299504813,0.8161333576751636,-0.13209216397400808,-0.13138555100673294,1.0,1.0,6.295530547750149
0.6435568343682904,0.8596105320644949,-0.2550584317350971,0.6355017009033451,1.0,1.0,2.521000892075222
0.6485751212694107,0.3382089879899506,0.4786703413727299,-0.5552114722043273,-0.25404927195918414,-0.01859543916096438,0.17475353253194958
-1.0,-1.0,-0.062193958649158665,0.5362452272638337,1.0,0.867336502287983,3.028623046894533
1.0,0.20443619742361352,1.0,0.05995020791892802,-0.31076724950458845,0.8091493089430111,0.24492155751377137
0.06784250966735383,1.0,1.0,1.0,0.9567054899872115,-0.6229354173953865,-5.656745137656417
-0.12501996345693955,-0.12946860189264875,0.6512717941123589,0.4578486355037985,0.08135446785335754,-1.0,3.3504779555453736
0.7160991921015452,-1.0,-1.0,-0.22788137604408099,-0.5040794631878869,0.320197255490651,0.49871854392874937
0.5316880119707321,1.0,-0.6380182152593474,-1.0,0.48149290808930506,-1.0,-0.5563001663878671
0.5493871866871362,-1.0,0.2783760593294716,0.2788742779163027,-0.7607517820549319,-1.0,7.111461869084083
-0.636831620999184,-0.3248646558807867,1.0,-0.5317364081033935,-1.0,1.0,-3.594065560837605
-0.31377531985673535,-0.08249448640175028,-0.6211125233054358,-0.5289905644267882,0.9282327770817418,-0.49994585128374286,0.8404583545280958
1.0,-0.2861330799137479,0.298070088024519,0.5030598981022674,0.09447095744497547,0.1389805316240591,-0.42878824667615
0.6238205289970747,0.43672518162779483,0.6167270459183847,-0.4459033210892681,-1.0,-0.2293692650620024,2.008794293239918
1.0,1.0,0.3796863528524988,-0.08697494459846755,-0.4077942432019268,-0.29396893734406504,0.890278063487165
0.0609999729675087,-0.7957102864666634,0.38060764116500356,-0.5296365076312965,-1.0,-0.7875531475510764,6.102252064668702
1.0,1.0,-0.497512776819391,1.0,-0.5938885880070296,0.7533678055695662,6.716642652909815
0.5709010943693205,0.6975336804345902,1.0,1.0,-0.21402145336334533,0.04717911746760828,-1.4569550876454018
0.8598695589185514,0.31055803731305054,0.9890909696192934,1.0,0.7526637390075441,0.8638040549649946,-5.9837342509276
-0.15597830581706607,-1.0,0.027418302067499623,-0.24524213730442695,1.0,0.4302432445087905,0.6610336954031176
-1.0,-0.5538531704958608,0.04546947776441246,-1.0,1.0,-0.0063566731031941826,3.6299833728206994
-0.04869588748071452,-0.7421856479169343,-0.4481096425864689,-1.0,-1.0,-1.0,6.410083033456404
0.26859668887805205,-0.7480655370517144,-0.16470849778691793,-0.8078707794838359,-1.0,-0.6328715029941498,5.888389372190422
1.0,0.476369496707278,0.9868146186904538,0.2858325860538496,-0.9672130011977433,-0.016945505957149498,3.7425697941043974
-1.0,-0.32223678455873217,-0.14689278782857318,0.27886536198479167,0.061072341748982684,-0.868235983653406,2.764363446515211
-1.0,-0.023905033256738317,-0.7473468752674663,-0.34048426615239513,0.6673180579686443,-0.19458020669814124,1.1366653237328783
0.5043717738014168,0.6921247659262569,-0.258439836383225,-0.3923614839635694,-0.5460877367122432,1.0,5.328064687565143
-1.0,-1.0,-0.3387256314239506,-0.9447754127478375,1.0,-0.225603948953074,2.6390566527245194
-0.8506516391226349,-0.6282421081630336,-0.5993281058988202,-1.0,-1.0,-0.6306295308038915,2.7908559550418017
-0.07508381879129145,-0.2200554929201332,0.6367369054494485,-1.0,-1.0,-0.7658347919358228,3.244628876320367
-0.4337444771406014,1.0,1.0,-0.8342587668339965,-0.8567788082337906,-0.6312863074397748,-4.588557373447546
-1.0,-0.6199446001114715,0.05197176908630349,-1.0,-0.6885193835378056,0.20676942966256323,-0.8341594889857156
1.0,0.5144671355443091,0.8239545573400031,0.21179534154814084,0.2664425661665184,-0.29949811401246706,0.0012565019177233905
-0.00948893256205241,-0.6009845875885049,-1.0,0.16574604277076033,-0.15356400542796078,-1.0,3.1212516059051945
-0.37969903402711397,0.7650726779016732,-0.49483894844859605,0.12228818542159559,-1.0,-0.11059764814643747,-0.2807809237076392
-1.0,-0.29125667133277955,-1.0,-0.8520323482399381,0.3570965606814319,-0.07113481596862886,-1.2128658374643546
-0.15099855402846285,-0.5533119180359214,1.0,0.2704120890604608,0.210628366592237,0.8954090169810941,-1.0091780744458616
0.5970842587844627,-0.23263876767311897,0.1401953649856691,0.59502986446689,0.3403736610155307,0.08092187068215162,-0.23815765622024138
0.43224821110453115,0.5062011189064703,1.0,1.0,-1.0,0.8436718752041801,-1.379328466473552
-1.0,-1.0,0.8373566745595322,0.09901970426489531,-0.44483002614155875,-1.0,5.617747091907862
-0.9077797991283709,-0.9229479654029344,0.01391042451740232,-0.6519298171949792,0.7431169989617377,1.0,1.259253134784722
-1.0,-1.0,-1.0,-0.5530181649698718,0.6194058264025307,-0.029190273089184593,-5.5893789868396
1.0,0.29823229596892364,0.6762144089205027,0.3250561560210129,-0.20271091096621763,-0.4883863702260621,2.1344952345728094
-1.0,-0.1643942278144198,-0.16601869701229588,-0.4785229406817386,-0.589712604581301,-1.0,0.7648365827816161
1.0,0.7344982362937285,1.0,0.27786790142546525,-0.13495720186452465,0.673620949298656,-0.9644338194644037
0.6529219009685631,0.5084123066724187,-0.7147829028635937,0.08869639914797059,1.0,-0.3675274343535381,-0.4799008696513316
0.7154117038387116,0.8690863531241702,0.5868626132327213,1.0,-0.967195337626757,-0.004000653772706753,3.2164407389095513
0.8492114046563116,-0.10601308630058759,-0.77632732301179,0.5655124435676829,-0.31460638331445184,-0.3365967486240948,0.6649672681719854
1.0,-0.2865274218644993,-0.5302037632148419,-0.3828852047829648,0.007235637328537381,1.0,1.8496064889018196
-1.0,-0.46044184841198105,-0.31644775496631306,-0.5982187450765285,-0.6535273503136484,-0.16900166119922533,-1.0147791480291288
1.0,0.24946248363540002,0.006623790356777626,1.0,1.0,1.0,0.5292453542757405
0.1679374018871831,0.5275381006877764,0.8291786968298639,0.6219644353980556,-1.0,-0.25751017913379093,0.7762213934777169
-0.5153162328966956,-1.0,-0.5711639923315777,0.8933049678804342,0.09545952454080614,0.029539685686985784,-1.5987282428649303
-0.09516135520302316,0.4253370613728847,-0.6551320661032007,-0.2769161052755127,-0.24465112599593497,-0.02049964753681721,1.1429330294403037
-0.6404827778926633,0.5419875371934832,1.0,0.04446188532608475,-1.0,0.38779016377411263,-4.525798307396978
-0.3591350675072822,-0.2677657428588518,-0.9390542993206219,-0.8046451380428312,0.7288616203916386,0.4483816428484635,0.5303569838534203
0.6753780426098406,-0.6990570158877355,-0.8969185213148391,-0.8771079808262643,-0.46027258896457013,0.13330242870088704,1.2625882465115414
-0.2537443020895711,-1.0,-1.0,-1.0,1.0,0.9905593884421164,-0.9015269008404184
-0.9035730514320873,-1.0,-0.6955269431322504,-1.0,-0.548957715132921,1.0,-0.6782206312606038
-1.0,-0.29186270699744676,0.5746409155873909,0.10665187947895904,-0.35133209238795676,-1.0,2.605890488494729
-0.5128082911320225,0.09919966250677034,-1.0,0.47739285668060616,-0.35749974407703217,-0.11071521784431104,-0.470228451304639
-0.08728878265683415,0.08087612225734775,-1.0,0.1448805237363136,0.14993834242904833,-0.43000566607179896,0.07918914842420631
0.422781367608373,-0.052582360100305425,0.25125714227095997,-0.9454854349862234,0.10556109306674022,-1.0,3.708761256986525
0.38595425766312075,0.6811740638341595,-0.5515807110253913,-0.3051602250466817,1.0,0.0033743517914985866,-0.42073934599969115
0.39778359809358743,-0.19817329128400818,0.08258585506533578,-0.1027662965503271,1.0,0.21303032749423767,-1.2498592127288735
0.31825098449139344,0.7796248196190319,0.672755143562891,1.0,-1.0,-1.0,6.0405570216356415
-0.2184072522657991,1.0,0.4846369548800043,0.7713912705059391,-0.27206380293822874,-1.0,2.567581424725018
-0.3396182441155442,-0.76464115999667,0.5485938050851727,-0.7231210926801981,-1.0,-0.6771695572143147,4.363566543233898
-0.8035329663766619,-1.0,-0.8953880492025247,-0.2174126440419747,1.0,0.13911528754321156,-3.1791140053279174
-1.0,-0.04236655795001676,-1.0,-0.5654073376873927,1.0,0.3958494621727493,0.2820814757720169
-0.4691652537555926,-0.7626835958226188,-0.12289729513182479,-0.6605164581427123,0.31653767238541386,0.6185119542383866,-0.24223052973888315
-0.47502880678832615,0.2960999696841585,-0.09311287177802191,0.03223003685922571,0.2610651855053836,-0.9811168299924782,2.2938185059555454
1.0,0.3601531521672707,0.567946162959962,0.9503460095928978,-1.0,-0.007110806207629716,3.5743958932428006
0.7660149415002707,0.5072828715027602,1.0,0.5840872788691231,-0.8258723117028733,0.7756199594396768,0.9384992849092869
0.7404946799020997,1.0,0.21228580000102437,1.0,-1.0,-1.0,9.192491865562316
1.0,1.0,0.014819839819934844,0.23350353568459847,-0.22939829040237825,0.8526523638465786,1.288058946842235
0.7283086913890076,-0.3110020543557159,1.0,-0.5789592708009577,0.06785105427610283,0.8576440924155719,-2.4793373006364634
-1.0,-0.16699840475333932,-0.6782674326070856,-1.0,0.9016801258520499,-0.7213368711901315,4.577020517370019
0.3314491009109348,0.7552244096711871,-0.3850890150381201,0.628951118215928,-1.0,-0.8171326521196568,2.8647557741465337
0.2967086142858607,1.0,0.8644683179163553,0.7113365874419196,0.6614854984213915,1.0,-3.6050862525642815
-0.7869325821052013,-1.0,-0.017693037214518703,0.4543477983146457,-1.0,-0.1301134666338022,-1.001191358210692
0.5280014915888862,-0.7955033501672424,-0.5357278239017718,-0.32150575954608296,-1.0,-0.009206260593933147,2.7835112437233236
0.41522508336338476,1.0,0.6419244476751049,-0.2618855744412421,-0.2678925075071067,-1.0,0.15862180169447948
1.0,0.2964192492735303,0.14692924324558626,0.8448456209153163,-0.5562548825506919,-1.0,6.783326079051249
0.9744791127549888,0.33760571954214225,0.7120094321249558,1.0,1.0,-0.39938397328578173,-3.1307350183857685
0.15506978324932996,-1.0,-1.0,-0.05519446307488429,0.017948202004361313,1.0,2.176592091510209
-0.4132829735749875,0.044956288702224234,0.4063567091947774,1.0,1.0,1.0,4.20572618007602
-0.758649255323339,0.20445591113772976,-1.0,-1.0,-1.0,-0.9927872442585621,0.5263939275711598
0.2456677393625557,0.891834977432906,0.9060168125678435,0.12816995608754056,0.12222996576516809,-0.6032756243142663,-1.6772749911744318
1.0,0.4955701061822382,0.05536123169709933,-0.4225984195893389,-0.4027325272564139,-0.24914022700779925,1.997240582806441
1.0,0.9376117329014308,0.7090183712041696,1.0,1.0,-0.6803948530005324,-2.2629098451886303
0.5088744090590076,0.012344279466234509,0.5226293007815744,-0.3689384893188733,-1.0,-1.0,3.36940213647682
0.6229614444525882,-0.11635226800075989,0.17323151210678953,-0.3602726332694413,-0.6415211932879854,-1.0,5.513948824140765
1.0,0.48455855045058904,-0.2890421100579761,0.8215245028455606,-0.011245524753410563,-0.07246045580729632,-0.23630440189551677
-0.5814123082166607,-0.20068213581624939,-0.38457600726751995,-0.30761198825938285,0.2936247038210941,-0.2572628224960397,0.5377896969272551
1.0,0.6538605335007392,0.9988751208376283,1.0,-0.4307897462685723,0.47667912403058804,0.5883198260820943
0.4540152310222537,-0.79987929162042,0.6289588562888879,0.10009799482615087,0.47953478204211786,0.753107484549415,-0.643387477363349
0.8721003168172389,0.32176888261891223,0.7227493690341887,1.0,-0.7916786790520982,-0.6108794968812934,4.504829602455776
1.0,-0.1947182780511315,-0.7778378829277028,-0.5302706539147496,-0.15099642242826972,0.28291078995775043,0.11284855028143581
1.0,0.6142692103686376,-0.28283419388798037,1.0,0.4543110483495423,0.08283744278373056,-1.1057080914591844
0.8871028289467647,-0.08068456381354584,0.4923536635216962,0.12221748383146941,0.8365298667117957,1.0,-0.33314143914213357
-0.02357586337980888,0.40162524542248756,0.8933551480157456,1.0,1.0,0.569722923001148,-1.4530462630824899
-0.4932069479104403,-0.46180255609767024,-1.0,-1.0,-1.0,-0.45338699046194253,0.26964997705267857
-0.9993719659755989,0.4260373891774737,-0.6430620014251689,0.5983066120995131,-0.7319581766670452,-1.0,1.4847991549308084
-0.5414563606957981,-0.6940299970722279,0.18527655479005517,-0.46665680808986637,-0.8214610611139116,0.008003261075720802,-0.334385212109783
0.36151119953725863,0.09793792376147947,0.5061262067895558,1.0,0.2626679911029999,1.0,0.968456921702074
0.10552897636717162,-0.4896743216779894,0.3094218208866848,1.0,-0.5087392629413188,-0.1074391577651338,1.703484597456403
0.6966761915301967,0.8041314880945125,1.0,0.7608462303713495,0.14070238322307338,0.015286050566533316,-3.0184870069592833
-1.0,0.1426540665776762,-0.9296380057552731,-1.0,-0.36829822948183727,-0.11656034854491569,-1.3901824700988925
1.0,0.26061193011637696,0.7732755834866053,-0.9411324526406624,0.7204571434123817,0.1039554326658301,-2.133609806839836
-1.0,-1.0,-0.613540879741436,-1.0,-1.0,-0.16276905186960078,0.36222937350900125
0.9817491437042327,1.0,1.0,1.0,0.47335703452284106,-0.596617047677149,-3.707923871884314
0.5006179536715626,0.46388441921414003,-0.8980419248883298,-0.7136009431877661,-0.007984986895991808,0.013197614723418571,0.042662711100766915
0.6221965806232438,0.5940610671178211,1.0,0.27350064796618073,0.13975498104353323,1.0,-2.4749877122436255
-1.0,-1.0,0.7086866369326874,-1.0,0.4639828598363499,1.0,-3.461417441746585
0.07116064156965063,-1.0,-0.7062034551765823,-0.09715223903433634,-0.26199842124897177,-0.632570422700261,-1.4332851529094808
-1.0,-1.0,-0.9065632407806474,-1.0,-0.09083175955431258,-0.02958966786248471,-6.493461239003521
-0.7490907063223937,-0.5884812343120974,0.016805004552875452,0.5807769705789065,0.13169179494200423,-1.0,3.2491633515095204
0.07798354603649149,-0.9358779876455341,-0.29955786623764885,0.3225008775896352,-0.20659932661658464,0.2602278787852209,-0.144273240438886
-0.1713070500419167,-1.0,-1.0,-1.0,0.30510909528293295,-0.47678581450436536,-2.5551151204441678
-1.0,-1.0,-0.660046445335182,-1.0,0.21887755354414162,1.0,-2.23663799739227
-1.0,-1.0,-0.7780487825879449,-0.6176861017851494,0.49319115958941195,1.0,0.8185406915887635
-0.3998504287594137,0.02678287536166951,-0.8706791323234344,-0.2647264942923634,-0.4617750380626203,-0.25439229523304996,-0.26355759588701
1.0,1.0,1.0,1.0,0.735904562217019,-0.19893617669103114,-6.216529568155643
1.0,0.3823829734132509,-0.2272713202025215,1.0,0.5440127510003954,1.0,1.8762163071019906
0.26394516724704536,-0.14942404666320896,0.8385354550372615,0.47886469461138415,-0.7410982422684584,-1.0,2.192293372200881
-0.813651531429503,-1.0,-1.0,-1.0,1.0,0.31899774292119787,-6.402749277036991
-0.23956450326728052,-0.0932266956339578,-0.6679703614293822,-1.0,-0.03601472522324389,0.42662315949217455,-0.06338300684109965
0.6550933363616294,0.5149604080865906,1.0,1.0,0.7594541498934266,0.9710710833139808,-5.562452472735329
0.3384105041530929,1.0,0.4208095146527082,-0.2201011731300937,0.5122988835579513,1.0,2.6392137027925187
0.35840017029357374,0.007006342990467207,0.9113544851968154,1.0,-0.5624125461887116,-0.38018770975666094,0.2011289895309726
1.0,-0.11606484209445722,1.0,1.0,-0.6968966878277569,1.0,1.5517619889405414
-0.8232729181723402,-0.6269426065557733,0.9213279860222634,1.0,1.0,0.8574173796263708,-0.3705199560785558
-0.6946209290115891,0.5638279451811861,-0.9980657256849319,0.49171560183603596,-0.8650088481535625,-1.0,3.685323343917137
-0.8441750075969037,0.41483482959188644,0.8772352261243728,1.0,-0.34484043982238743,-1.0,1.8637189986961733
-0.7514422869325255,0.09821748607402048,1.0,0.6850682219081108,-0.5639194279532243,-0.2179629106628697,-2.083363051518405
-0.45746105393392633,0.29125359192052525,-1.0,0.8912014762888694,-0.25427611623497415,1.0,5.816137111516647
0.17662591631239893,0.11843654611263196,0.21003729121960807,0.9967655360179889,0.7968430583969048,-0.7098907975009269,1.3227106422997827
-0.1493083763990884,-0.06570648019563574,0.12004572796096102,0.013517420618111342,1.0,-1.0,2.306593714364886
0.2521929773729905,0.5230985837923097,1.0,1.0,0.9001071356671227,0.5267052172014931,-4.144557522545839
0.37532424211821813,0.20479396675380968,-0.5419330661230581,0.022767012327621905,1.0,0.24311640197243778,-0.5825943258626824
1.0,1.0,0.3634040220595979,-0.8536804740272076,0.2818557007834521,0.9769683530596016,2.765833600962094
-1.0,0.513187918333528,0.44806456649838633,-1.0,-0.5659025005059448,-0.11013039886658182,-1.1220115363480856
1.0,0.432397563640947,-0.23730939339302548,-0.5152198981382181,-0.18344905507076348,1.0,4.699635607694952
0.22948622985319467,-0.6002935073118794,-1.0,0.6454391108605235,0.559505739847729,0.6963782672277866,1.6969138828709773
1.0,0.9048908059484968,1.0,0.6964996542425113,-0.28889655530360414,-1.0,3.236886435962468
1.0,-0.620127495392903,1.0,-0.6314279420266957,0.48252904417118114,0.49309240646178415,-4.138628801828595
1.0,1.0,-0.3699975604901446,-0.004914094156072968,0.6952385836545267,-1.0,0.57748894988837
1.0,0.5170434475975432,-0.5866784131149767,0.4177824113504617,1.0,1.0,0.12144327587490067
0.09897623546669787,0.49522009024816205,1.0,1.0,-0.163637924478628,-0.13554211712694597,-1.3339986898647718
0.2344683987941797,0.5631805298219401,-0.2286848885470456,-0.43072665511181196,-0.3861989932684202,-1.0,1.8119095063501336
0.936260828181025,0.9942559851078896,0.8152399987837251,1.0,-0.4086596620392804,-0.17885746818099602,0.5272737514825164
1.0,0.36581872626257805,1.0,0.8876513987737761,0.513329069334046,0.5454093445055721,-4.807871454643436
1.0,-0.6571302360149156,-1.0,0.6852410415964575,1.0,0.27443912966736117,-5.304374547901069
-0.8057652835943787,-0.6639832142479007,-0.31637349311451435,0.45785728641230916,-0.27853916404421253,0.2709816398053181,-0.982621449069487
0.7097058746661435,1.0,1.0,1.0,0.013932491162754967,-0.020664550076975763,-2.4486436494420873
-0.7553690153335435,-1.0,-1.0,-0.930209662905372,0.3853363266276803,-1.0,3.364635559050872
0.3456656663573957,0.43144411901458724,0.8885542961528696,-0.28320566551546145,-1.0,-1.0,1.088184149241336
1.0,0.6369882505772244,1.0,1.0,-0.34877700813355883,-1.0,5.672353462335395
0.01885694698920637,0.0809216051872943,0.20507025175448534,1.0,1.0,-0.06833982585542575,1.0704217249015424
-0.6660686845958048,-0.1718921495986846,-1.0,-1.0,-1.0,0.3362185723085741,-0.8007847670321454
0.805116399458462,-0.0389146956787747,0.5691904074209191,-0.8496221314089003,-1.0,0.7883278936478688,4.770370148101494
1.0,-0.29292886338610513,0.21558024406051102,0.8488417115876573,-1.0,0.1144973519056024,2.7842975488884507
0.9237478579452256,-0.6510194883474707,0.5521766863866305,0.9558312398797172,0.763747470296684,-0.07799684814804878,-1.11689829199584
-0.3868147990386551,-1.0,-1.0,0.7048683450063794,0.3602562963637488,-0.49240292367481503,-4.025108995812369
-0.9354390674476851,0.8807222084152303,0.3261035441368981,1.0,0.04793931133602125,-0.28983215588843403,-1.203421973401514
-0.398367525606637,-1.0,-0.078577980625408,-0.25489623945398937,1.0,0.6166318800062619,1.3049580286572526
0.3484410175157798,0.23114684867128288,-1.0,0.40268427880635965,0.7585308132025055,-0.8241280780600597,-1.102953795453334
-0.2489766918923253,-1.0,-1.0,-0.850576152992563,-1.0,-0.3629766705805323,-0.06469290845236242
-0.20117786915326002,0.935184583604127,-0.07191643036220505,-0.7410066370630808,-0.4712466602753086,-0.6434826668184153,-0.6411982360193953
0.9808684241236805,-0.43500804743721594,0.5126384925747959,-0.7331417021591728,0.5388337149601639,1.0,-1.7455981572543025
-0.1207837965197267,-0.04249685769729972,-0.06995192541715214,-1.0,0.8298516672645733,-0.017322004094661406,2.2184507715179453
-0.503000553284888,-0.9363509016171925,-0.3499791585092143,0.18786434443754016,0.1522830471849213,-0.849300827658241,1.5108399048686905
0.9571363237792073,0.8507161970787184,1.0,-0.31703720314827155,-0.05218164352811905,-1.0,1.2030476227223927
1.0,0.9110523874309112,-0.5633713409859776,-1.0,-0.5614625043736954,-1.0,6.174863919974246
1.0,-1.0,1.0,-0.02121948178886196,-0.9489828827237904,0.30507779056411993,7.8534660351556305
-0.1416448626668222,0.12119493390762487,-1.0,-0.9362114905757469,-0.5703295180455952,0.8166769605474627,4.456564641441743
-0.3963327199337694,0.08751890850989294,-0.6815466553151812,-0.8589485229223097,1.0,1.0,7.68072350801545
1.0,0.8931786381946548,0.753674045794742,1.0,-0.5040006783896354,-1.0,8.39543670494754
0.8016664333678238,-0.3106394211580523,0.21946319904610082,-0.21538595764207902,0.4053348159772797,0.04179254760715545,-0.669456084000668
0.29151795550881787,0.5441704939290519,0.012833746511693112,1.0,-0.26960812390157696,-0.5028450777710972,1.024517880779797
-0.9981948969968614,-1.0,-0.8543975540813945,-0.23492628464232657,-0.5914387511274132,-0.40026655363374425,-2.943394221124218
0.7466975247566374,-1.0,0.46958430913387805,0.894679917047295,0.48220835841213905,0.4115082447014844,-0.35384119022278
-0.859980711575701,0.9112710362986363,0.8534444937808577,1.0,-0.03777239224526818,1.0,-5.310329308636327
0.7936808701698694,0.6543667696670166,1.0,1.0,0.8419964706299514,-0.4696861682104079,-3.605833052484733
-0.4041253020884862,-0.3122070085351192,0.13019022993197704,-0.6165584481389854,0.7599237813188859,-0.24418554505550616,1.943676932891887
-1.0,-1.0,-1.0,-1.0,0.01121070978595029,1.0,-3.020637351799886
-0.25489046151209677,0.3656727774318792,0.10476929580688876,-0.6464517945027618,0.27038516390313055,-0.010118617787937767,-0.46526862408408626
-0.8739062808395093,-0.7272953941064995,-0.00803860829579639,-0.9571009600276863,0.4967349997109573,0.6572925154326403,-0.6517336953660053
0.15803716657173353,0.708441605207467,1.0,0.9218198511953626,0.9092427178807949,0.6991596460297991,-4.109752610402637
-0.09428511287631175,1.0,-0.2715935788859388,1.0,-0.573894972223942,0.6606701913810058,2.5571632481475133
0.37816654117836274,-0.503710638054545,-0.4136691136748221,0.3515785602531387,-0.43832808753452157,-1.0,3.006852901650525
-1.0,0.3648114643123832,0.4692149736955351,-0.35467748147385264,-0.7217535438352636,-0.8783499802276871,0.03484137059898129
1.0,-0.8382682333890444,0.1637245384927309,-0.33639489549692436,1.0,0.751385499636013,-3.723535910768362
-1.0,-1.0,-1.0,-0.4048659077355319,-0.05416232526914694,-0.979349101440657,3.2300386062355853
-0.029038033203371727,-0.1119008595946627,-0.11956235311085539,1.0,-0.01032134537245355,0.2322870324625947,1.061587890065441
-0.5647954635078903,-0.20307712040062142,-0.7398487194271726,-1.0,1.0,-0.7763568511083633,3.4084347334379577
0.2526305685855433,1.0,0.13880419323167123,0.10351298182717172,1.0,0.8611106003315525,2.6034091779549144
-0.8548626945706164,-1.0,0.37373008250937834,-1.0,0.6933146818911902,1.0,-0.7531202674009208
0.1754231168467913,-0.4924090722591753,-0.41536748622458475,0.9810515174336815,0.9168287104857958,0.7269800971331207,1.2681198492130314
-1.0,0.5703968598416271,-0.8583184379710203,-0.06534377494857213,0.8595017156440825,0.3517443043701226,2.90479712141106
-0.0866831399742635,0.3266883098760886,-1.0,-1.0,-0.5039994430231629,-0.8582071759756669,-0.0724623691112084
0.5856514963761283,0.5820148559729139,0.5107480095978143,0.7749042525080951,-0.8638984975255345,0.29422228261802164,2.2303532086429882
-1.0,-0.3375450374338136,-0.06493710077433734,-0.9399420726572464,-0.2386429106627849,-0.4312835520099796,0.9010403954387234
0.20778345185411728,1.0,0.9639622052463601,0.8362312890543269,0.35078882924630905,0.7486617455475533,-5.808414196970216
-0.09061130822208774,-1.0,-0.9525183244248963,-0.6684039188322246,-0.4116090182667437,-0.9706691303744636,2.378129491527723
0.722834793960431,1.0,1.0,0.47787945481277916,-1.0,-1.0,2.778222746776417
0.5806501012010788,0.3613685167683982,-0.849645255970448,0.08337024881339256,0.4096191377791602,0.5943953297697355,1.7547983783347822
-0.501773202964978,-1.0,0.6280518357115984,-1.0,0.22547968174703653,0.37613894597578196,-1.7477133193614685
0.4536951632724664,1.0,1.0,1.0,1.0,0.7560813593320255,-7.834762750114205
-0.8342119410011195,-0.6643798400990644,-0.7651293718958809,-0.8385682571394579,0.21813712176497224,0.5394772431328092,-1.2599970600816528
0.1693345134742803,-0.649064240367496,-0.5948088435154459,-0.9485132428940783,-0.7207512375383125,-0.8302297845794617,3.176253681112113
-0.10075662226902682,-1.0,-0.31038300722194456,-0.8889851394659579,-1.0,-1.0,7.694904655953707
0.47064523142429476,-0.5513300248963894,0.7741016015603245,0.5592010580146516,1.0,1.0,-0.8734797313403497
0.919391928643841,-0.7951718108825333,0.9015497379570755,-0.1367324448477849,-0.49470034934256807,-0.3032783949803174,5.092401259369199
0.741502523114757,1.0,1.0,0.4139793751077754,0.6748573369650777,0.4613902356502351,-4.409318025063783
0.10399674016487456,0.44529476001752083,-1.0,-1.0,0.5670257144175836,0.6022251144559831,2.3355732646021985
0.5238495461982622,0.3891302618662027,0.010620257614532058,0.43518016199754334,-0.9759216102143082,0.7414479748542657,3.5716836012519253
-0.48100033350960736,-0.09435729376024404,-0.6934594906272937,-0.16593594222749752,0.3841689896678616,-0.3637469153279427,0.9048730316755237
-0.30375042885226455,1.0,-0.23033758840372615,-0.4412721840250241,0.10093739682610026,0.0594608503850001,1.7299100237788787
-0.9926462444809054,-1.0,-0.47412580170078766,-0.9840717853215708,0.8350151795896178,-0.061232005099570386,-0.43009314930131254
0.37370364113244914,0.7387274236071908,0.6952076256481198,-0.7483575421099392,0.5365767806674462,-0.0800553073984761,-0.35156203304450584
-0.7475071908443636,0.04327039483061712,0.6487811451882034,-0.9564100264972468,1.0,-0.8566153707591933,4.533339334057134
0.7673437250952657,0.781460423182974,0.09557788133297573,-1.0,-1.0,0.4114887874572287,6.30989823895592
-0.45640056370674825,-0.08144680698310541,-0.3941058650150921,0.711018701525847,-0.5714316865839463,0.8292283483989369,2.0747406085053215
-1.0,-0.06525238761403762,-0.41639827842597965,-0.24064292782479768,-0.7226040158286146,-0.41787386042708197,-1.443601526735778
0.8876812425776749,-0.3288508731068038,-0.4380210583238177,-0.6988175666352376,0.5610747871823083,1.0,-0.8160484286825846
0.5181317680390252,1.0,0.2825482477174458,1.0,-0.4632707594778728,0.7210140435757452,2.4608121566810075
-1.0,-1.0,-0.6332131583989172,-1.0,0.0064369696732284876,-0.4750058190351851,-2.0300264636227063
0.6252065766897412,0.9108067449427282,-0.2573622902183801,-0.3403388050260412,-1.0,-1.0,2.9298883339259767
-0.43041054768944365,-0.20553813147545646,0.6966040815995587,1.0,-0.5607343124616972,-1.0,1.1983602492208598
-0.8704219213785582,-0.15892201062848255,-1.0,-0.13349556403940466,-1.0,-0.3966230370883396,-2.9117046295108793
-1.0,0.22300499844036142,0.525995482572192,-0.666608029832968,-0.5642583496227656,0.08374909942053066,-1.4451884722414112
1.0,1.0,1.0,0.26433185089634037,1.0,0.8558349181625267,-6.040696908670082
0.19411879884390945,0.250272105874127,0.21623079607661827,0.2522288707145628,1.0,-0.1684200125256763,0.1855969959280499
-0.4805657857155876,-0.6392030140923999,-1.0,0.39844345453053326,0.6269224809722245,-1.0,3.6261979095974994
-0.7856115945968873,-0.9256856598237582,-1.0,-0.5397818422162985,1.0,0.8853426657610279,0.25269236071103685
0.9341927181003246,0.8217426216566808,1.0,0.8070798786343615,0.8014770420761494,0.49225885499364774,-7.043386886965831
-0.4398670411191944,-0.5328584959636473,-0.5699707323312484,-0.6289216579068986,1.0,-0.04894745873573303,1.2497033694661719
-0.27795149272976655,-0.3814760040283321,-1.0,-0.11720234657878481,0.18363866602905254,1.0,6.933075381444133
1.0,1.0,0.25456953951720485,0.9194474935321816,-0.9629376823013014,-0.6909056386093753,7.98478425322892
0.37771814963440686,1.0,1.0,0.22819809952972858,-1.0,-0.21319375361328596,-1.0827921862448928
-1.0,-0.13641527623794802,-0.5340334618078901,-1.0,-0.16863927325208072,-0.17830446081668838,-0.1350897973631805
-0.6757189553549718,-1.0,-1.0,-1.0,-0.49523515726189576,0.5945419809848795,-3.4179719764404393
0.2782464591439344,0.27762770800793424,0.8581018159826522,0.6115428823136999,-1.0,-0.9398121417006472,2.0540457048342287
1.0,0.5070952841712162,0.4731502937762171,1.0,0.387506311486297,0.08897355220445957,-2.4144665298716528
-0.14737245330731708,-0.9223835823270172,-0.038054323322555206,-0.8972940257664309,-0.11573338395971072,0.8834427123946413,-0.74718431869467
1.0,1.0,-0.46096040193297205,-0.32242262235517216,0.9725326137223418,-0.3155149293557616,-1.1819104881419764
0.6689415708036826,0.3729867987039135,-0.5951996315041719,0.3498884226956445,0.21230390061982773,1.0,3.06691167001869
0.13440660687995726,-1.0,-0.4535104098536756,1.0,0.7605863871996015,-1.0,-2.7145349002168286
-0.7885217836062148,-1.0,-0.8897324548976695,0.2764097283713465,0.43855771843915536,1.0,3.2592000757409534
0.629126998596482,0.9310003721720763,0.894205074760428,0.7685906428039144,-1.0,-0.47923732018847826,1.6006942498355166
1.0,0.6443352467176944,0.07538777131422969,0.8416755700867515,0.18570327867142208,0.0348404082159714,-0.9162749369590515
1.0,0.02274150914626749,0.44348213945972326,0.8225831297923347,0.5852114115235291,-0.06363726577365691,-2.416421084383008
0.47226862909536726,0.4494196535661117,0.5201640952990645,0.6386850858650432,-0.02313721467021218,1.0,1.1817233979610153
0.9841715056026119,1.0,-0.3176943340466004,1.0,1.0,0.23525389624348048,-1.3657344095507764
0.9732643664202733,0.6859095494956331,0.6603717145125289,1.0,0.9984885323809736,0.047721030401437325,-3.7303069945516287
0.22648112115333663,0.3625726280928613,1.0,-0.6258829455830536,1.0,0.9185501110916807,-0.9431619806467549
1.0,-0.5396826202255746,0.6229397456913266,1.0,-0.4128209613762681,1.0,3.451040063691352
0.2173189252077401,1.0,0.6207724978101012,0.16088324857504732,-0.41773465901154283,-1.0,1.95939523844301
-0.5790486040880651,-0.5076662124765127,-1.0,-0.31912594677262907,-0.5441585406615099,0.3208121757404969,-0.6284102298104091
0.11353157097248534,-1.0,-0.023122368820877925,-1.0,1.0,0.8191234007524986,-0.9072317613262335
-0.6508708283858615,0.03507727250176876,0.17777311500031887,0.2662923261152365,1.0,1.0,5.758146699485829
-0.45954751716443853,-1.0,0.6980110479502453,-0.6223395694342708,-0.07077309008825494,1.0,-1.6025374681934186
0.20144008826031645,0.7108790175212625,1.0,0.8554066639714568,-0.35165322834194884,1.0,-3.6292240029962324
1.0,0.708180565757591,0.437926314061277,1.0,-0.6058173607070926,-0.6718904388082712,6.631963733604884
0.8656555607561001,0.43833233552486073,1.0,1.0,0.3327303388828042,0.452120502911437,-4.399083224098599
-0.5346367597747734,-0.4511759289652273,-0.11039654144628365,0.7579318324338604,-1.0,0.4080678645601202,0.12777707573919336
-0.6156584575194932,-0.7890673351921134,-0.4498248885026277,-0.7571975943066991,-1.0,-1.0,2.6128286506814873
0.292024116293101,-0.9892247699851104,-0.9755538716954018,-0.5051643946798705,-0.01964078441668149,-1.0,1.6811882562217262
1.0,1.0,0.46512151632092413,1.0,-1.0,-1.0,11.450518263829624
-0.5751930934573026,-1.0,-0.9781785749871192,0.050266054500807344,-0.2715638571264344,-1.0,2.8492799167570797
-1.0,-1.0,-0.8062815234564262,-1.0,0.9296925082565375,-0.2906169005087594,-2.5506011520375518
-0.5420353184622916,-1.0,-1.0,-1.0,-0.6947760556676937,-0.10699922710398879,-3.047343978778584
0.7829664080583542,0.3628948795230895,1.0,0.6261084904286871,0.01412354131213224,-1.0,2.930806303559902
-0.8036413203679854,-1.0,-1.0,-1.0,-0.788608671439998,-0.3117834498246523,-2.2611494729749992
0.6210587700710168,1.0,1.0,0.03807039319739158,1.0,0.36392976434416563,-3.405867739260171
-1.0,-1.0,-0.09977982164439358,-0.5645453696204064,-0.23155052976085244,-1.0,4.28059021192733
0.25162251265909596,0.18307927605931867,-0.21837254024953545,-1.0,-0.46902843804476624,0.036555109590534374,1.5424091831414124
0.3965146664832132,-0.3072815085170371,1.0,-0.8781774799498396,-0.23819613681674034,0.4455286617150658,-2.810570269214593
0.436131917273496,0.09419532462431784,-0.9941189777350665,0.6961983066811852,0.16824133031308441,-1.0,1.2425510252023384
-0.20768058682951662,-1.0,0.20115513137382424,-1.0,0.35478851073309503,-0.5828559057047588,3.0213136626478967
0.9869324196696994,-0.240329485980172,0.08971382630733693,-1.0,1.0,-0.003194997441700431,-0.8035681925979893
-0.41293503378183605,-0.7913826251496273,0.9245058801051671,0.5164909810499567,0.4330490530062048,1.0,0.8546999656939329
-0.5466931938346629,-1.0,-0.1561968420320919,1.0,0.30039331625338184,-0.7882887950204768,0.5900328164594336
0.8221581972080938,0.34772887656440576,0.5979273190273879,1.0,-1.0,-0.7502271646001828,5.778383545362564
1.0,0.2205251064682039,-0.573600397702037,1.0,-1.0,-1.0,7.0508867335447745
-0.896117243268523,-0.5497573762174399,-0.675308769763403,-1.0,-0.2123891166849391,-0.2932112531228014,-1.3113159869142557
0.5383504375408362,1.0,0.41471676485764186,0.8335185121739662,-0.7476112188417319,-1.0,5.6730303758484375
-0.36948764758492136,-1.0,-1.0,-1.0,0.7950217866479624,-0.5432643709891376,-3.087720007083941
-0.8999137543597842,-0.46248292415102044,-0.18383045715525725,-0.1328353500280123,-1.0,-1.0,-0.28611981185131646
0.9739486228704599,-0.7181047917662775,0.1567756094193204,1.0,-0.9937477688693319,-1.0,11.010726204878123
-0.14103420396318217,1.0,0.07550332668331272,-0.4817265899363826,1.0,1.0,7.171543305442002
-0.3090157272874623,-1.0,-0.7153925503553156,-1.0,-0.30126386139077344,-1.0,3.787683298723377
-0.07646920363265675,0.26572521578678243,0.30048135270016424,-1.0,-0.9242341472324012,-1.0,1.9904531644519774
1.0,1.0,1.0,0.04623974036392231,-0.4186075947822646,-0.6108045883247539,1.5499427585795367
1.0,0.012685394088329638,0.7336721926861983,1.0,-0.7815451111690619,-1.0,8.005329938775311
0.892015773895138,0.703205422556255,0.06338276263526926,0.8632197281107494,0.6511628332109924,1.0,0.5334558428866535
-0.7899527674907856,-0.4955533518214123,-1.0,0.8913594598042779,-0.09487036005130739,-0.6386298094977291,-1.177361277562222
-0.24167872750168984,-1.0,-1.0,-1.0,0.35689634666308434,0.4387274676287771,-5.662491149401426
1.0,0.44650282688835663,1.0,1.0,-0.2624791016761726,1.0,-2.5154646260604063
0.23980524169730766,-0.17899982932910882,-0.6950804240407777,-0.7173996150392997,-0.13770367548400264,1.0,4.707594104187058
-0.5259921539829758,0.6087940587472895,0.060423243582862024,0.02502589700606292,-1.0,-0.7321432343220029,-0.5729033999799148
0.23529456381516334,-0.8338444667941801,-1.0,-1.0,-0.98698542442943,1.0,8.722771532945004
1.0,1.0,0.5646396563818479,1.0,-0.9606236673173976,-0.515371321503235,5.846023868807312
-0.28907013142557036,0.12337682984483411,-0.7313767552832543,0.443875212777071,-0.9807783770944208,-0.36130468459211096,-0.6160278526410555
0.012841854576609024,-0.13843648203551373,-0.07236259570990729,0.6102302452401526,-0.849207270304885,-1.0,1.9110289683601842
-1.0,-0.7748663888386018,-1.0,-0.16813439484913362,-1.0,0.09008284822290913,-4.796047275947702
1.0,0.23450680823110948,1.0,1.0,0.1320398260285356,1.0,-3.8944788681628957
0.06635640590123915,1.0,0.5573089231971166,0.6208659035643872,1.0,0.17423441481813073,-1.0371354975321256
0.27234326847841905,0.9029725512045697,1.0,0.6608243938136336,-0.33332719066539085,-0.3576115396400562,-0.8697540874302514
-1.0,-0.1729732605541454,-0.7797504748019028,-1.0,-0.774234332224943,-0.019313974519956367,-0.944975286030815
0.16716254891635807,-0.266037871094842,0.46659664588201577,0.2987607889728562,-0.48173821031363384,-1.0,4.279754313761782
-0.8996195233443567,-0.5225944661991293,-1.0,-1.0,-0.03501176911296522,-0.04323679757837384,-3.3270406996532498
-0.6664216945842969,-0.9109892182704854,1.0,-0.4683625357916553,1.0,-0.38626010858578796,2.2428267734382406
0.5762986287936254,1.0,1.0,0.7059667015288238,-0.596098362097096,-0.22714720350521245,-0.7773928117734201
-0.5141367086404929,0.6945419028641163,-0.606261887690632,-1.0,-0.015532680701973667,1.0,6.185094744029951
-0.7569891349171249,0.5631473879386794,0.146952830671569,-0.42362333878028774,-0.19603573908714295,-1.0,1.6154797664194325
-0.038438746345141495,-1.0,-0.7488542701825079,-0.46125646455671,1.0,1.0,2.121720718536899
0.4170958802908282,0.08808562299840594,0.7212531226175232,1.0,-0.36260047550554997,-0.48411419587954707,-0.0430248515213103
1.0,0.14818139205559822,1.0,1.0,-1.0,-0.9747305221127149,8.129625680674028
0.8532257512714458,1.0,1.0,0.23108361288918733,0.3973002802406136,-0.8587146663400554,-1.5461996395715762
-1.0,0.37710639767258036,0.04208609115190377,-0.11826285740898701,0.19651349141267005,1.0,2.0691388736043748
1.0,0.08260056838252133,0.8069955195937941,0.40674692498426146,1.0,-0.46689064391061724,-2.479654302006153
-0.4593068428449949,0.6903971504028564,1.0,0.45903776172694305,-1.0,-1.0,-1.4910121825055038
-0.24982193228347171,1.0,-0.04612040633025982,0.31972876637633485,0.08543807912778134,0.6697125358165392,0.8022430760023409
-0.5424212572236328,0.09948210198633725,0.1914170750385859,-0.08744601509561867,-1.0,-0.7060410567755833,-0.8929216304759876
-1.0,-0.8449650979009241,-0.9828057482320325,-1.0,0.6895339971814772,-0.27564967665156725,-4.748181314643677
0.766133640476336,0.9050443464983704,1.0,1.0,0.9116962499092116,0.8288457302666838,-8.979973760508209
-0.14202281955716634,-1.0,0.41769395563762,-0.48044395878733315,0.9353811658953132,0.27138123321629715,0.3245801773721139
0.6797744918123058,-0.5681367747942574,0.21139594852127863,-0.8584275812522859,-0.5964784954964328,-0.26865419201596286,3.5446324156130657
-1.0,-0.6796939831396133,0.35185258500289807,-0.5974778491089889,0.8026329129912854,0.5092055349672608,1.7138592481091137
0.13279404648534554,0.4147508144056482,0.5819190010275408,-0.7726290564290206,1.0,-1.0,1.9728609502168264
0.9714004078510994,-0.8126648836195662,-0.8201471644467802,0.7732795616225594,-0.12099588889311386,0.8286912993508888,2.254073022009645
1.0,1.0,0.39460226541838095,0.6586603339380361,0.012210026227315818,0.18877129187048602,0.22142291212439247
-0.9684178391917501,-0.8677613812866642,0.5533712452549833,-0.43394110020905535,-0.979288023744288,-1.0,2.038016331775099
-0.5648347290065371,0.2491705650759437,-0.3281426103803143,-0.471620473537937,1.0,1.0,6.063584802166853
1.0,0.9521568398329163,1.0,0.43126969362234235,-1.0,-1.0,4.955785643371732
0.6312368882316917,1.0,1.0,0.747212620528737,0.6159044002627516,0.5122628153937164,-6.7423800368170275
1.0,0.5399225048566865,0.2652973297831387,1.0,-0.6107621596966366,-0.6507727497465697,4.322879387360217
1.0,0.38257470107879177,1.0,1.0,1.0,0.1804357686207031,-5.8911044879381445
-0.7034726744237775,1.0,-0.3191690083549889,0.32773993710261623,1.0,0.165401951299879,4.626541114715629
0.006903757809151312,0.6145471150633084,1.0,1.0,1.0,1.0,-2.765073995104885
-0.05677193276702619,-0.19387657088724786,-0.18077430483607682,-1.0,-0.4483522126190983,0.22460940666393275,0.9307162772797977
1.0,1.0,0.13190961588253008,0.4140852126174025,-1.0,-1.0,7.406084969980917
-0.7076378229193426,-0.8933356629361136,-1.0,0.08301983541030755,-0.6882195841821648,-0.7296687772298025,-1.7126397145926395
0.9768507211113107,-0.05679043326925792,1.0,0.7441102767825589,1.0,0.055161484695938734,-4.635460279815382
0.7219650234453285,1.0,0.23368136258056627,1.0,1.0,-0.38823715569268435,-2.203736884201341
0.8575811376122424,0.5540240926116193,0.46619849176460726,1.0,1.0,-0.2031659666036023,-1.3063959155700675
-1.0,-0.7100480619574248,0.08045895442304618,-0.8440881166395585,0.16826981133439944,0.5179092821101241,-0.5426635737516704
1.0,-0.2828137057995499,0.3522693884982375,0.9061192763811898,-1.0,-1.0,9.516659638901347
-0.07227629522116441,-0.005013715712430145,-0.7416829563371088,0.4121540052968423,0.27952931368734535,-1.0,2.3619106129166747
-0.02585995871544311,-0.406940546516513,-0.4177076046905548,-1.0,0.5112119277600187,-0.0696737486038208,0.5815423426383555
1.0,1.0,0.7982882808167782,1.0,0.32303776375477866,-0.1356991362455532,-3.4668477264542394
0.02284824947590236,1.0,0.5320525672595606,0.1287802744927662,0.7484633627577277,0.11366348216068246,-1.3918918645936993
-0.7437890983622568,0.38269851565801294,-0.36678645266268894,0.5642407392967892,-0.22414213554482315,0.1609872625963545,0.42583678294220373
-0.3208749001774904,0.5356627494325301,0.5916735653414689,-0.03867547912793606,0.2759658061027206,0.9378117289893269,2.2243781842323225
0.12282586204738649,-0.2984906790318631,-1.0,0.3120219107521154,-0.22410033669248663,-0.3145203867633184,-0.7894980584406721
-1.0,-0.543875330356643,0.1583104288177622,-0.6113560025914259,-0.7577792209215799,-1.0,3.099426469517164
0.9203055068700681,-0.6130417377958096,-0.27073753875320344,0.997655971253131,-0.6592484016865452,-0.7201741255568792,4.777390165919212
-1.0,-0.3373781307881816,-0.06513887468555746,-0.2509906732967122,1.0,1.0,5.178982531855352
0.3129595724603236,1.0,1.0,0.7586332274854197,-0.7957448619738383,-0.17810281951520723,-1.7422996053090019
-0.2592334432215093,-0.6267344998404659,-0.5098903956767773,0.29032612843646255,-0.4592197616275435,-0.43836929820056736,-0.5870053353339173
-0.7651829938768095,-0.4316061386655042,-0.7229912245676253,-0.9659060192086683,0.5964813473074253,0.48616076784097806,1.4032211916682475
-0.00012315226514142408,0.9421543458182682,-1.0,0.1331918809308087,-0.756191967495484,-0.30078282354482444,1.7290599306357837
-0.9440176886694635,-0.00202269349216172,0.038192488931725166,-0.38090575873141397,-0.14605735060434544,-1.0,2.9292533371116094
0.41008576234613436,-0.8316575216594461,-1.0,-0.3541892589287059,-0.7126962031880275,-0.5622890289638864,1.4510230849670167
-0.18488667712319906,0.24951091213898363,0.9966349028791816,-0.2389800884058476,-0.6442705110789484,-1.0,0.3542321540067558
-0.47589783908252614,0.9754582691471329,0.5538111466932496,0.8764235599342828,-0.5863661582113155,-0.6740349443201641,-0.4423272249232022
0.7148291841539598,0.4157968541892244,-0.44052774590196275,0.9905217560600056,0.46540975630438575,0.4541953975761179,-1.4090153032470174
1.0,0.7362352357498607,1.0,0.49653106102652056,0.22027815591348227,-0.41643913258483856,-0.2947826207003083
0.18132091424534627,-1.0,0.7891490623338943,-0.19736361498596544,-0.024979612222992165,1.0,0.09889684663377352
-0.2576617054471,-0.866608299422249,-0.9638138823792632,-0.06518452330698565,-1.0,-1.0,1.2766645779242054
1.0,0.9281407922733558,1.0,0.6279039613285081,-1.0,0.376183810696068,2.1373210267375877
-0.7242851203664434,-0.004623585426375143,0.40572257958795,-0.17369408209796688,-0.12136094999561434,-0.4607222729639038,0.6107493313517036
1.0,-0.17462862519295735,-0.2558266981665997,1.0,-1.0,-0.436782092182606,4.714055966489903
1.0,-1.0,-0.09364426827490735,0.2461281292987923,-0.20350437905697638,-0.8367982868674664,3.93060444399989
0.5874366126068128,-0.5162092866912251,0.5780237786017368,-0.7077820225708602,-0.7762481164672657,-0.3690609982473148,4.257606520539118
1.0,-0.04304907056270807,0.19009787627968028,-0.5688577081972019,0.06974404063174355,0.32305777460744356,-1.144948204356997
-1.0,0.18243076152314597,-0.5963069478367877,0.925316010705155,-0.7098891996705745,-1.0,2.0073232157916903
-1.0,1.0,-1.0,-1.0,-0.9095039678995663,0.384382876916863,5.128783293641808
-0.6532267749496186,-1.0,-0.5777365184942214,-0.8118472322246577,-0.06702528023797061,-1.0,3.311089777267596
0.24203978762233236,0.5356306014932033,0.5527168877544392,1.0,-0.4680137440162003,-1.0,4.198814272671087
1.0,0.37447482159997736,0.4345006345896072,0.32538215426176076,0.0034629917935220522,0.2360222847237051,-0.6665682844173284
-0.05368883733430574,0.48703884951861,0.505937385314545,-0.34042405139408327,1.0,0.9167712254608387,2.629842615516017
-0.45331770544210337,-1.0,-1.0,0.07762953104592318,-0.6568625521693559,-0.9263067078624143,0.03986048536829807
-0.8147047828225675,0.11614950088306286,0.19184169822375433,-0.2754704607586943,0.19336684884142924,0.29140437613171166,0.17343628941415828
-0.6965378585175168,-0.3052666080273906,-0.6699339417855694,-0.3676606238759812,-1.0,-0.6555679154419944,0.13496280616675604
-0.1726920462591242,-1.0,-0.22291244930325593,-1.0,0.09262612957673522,-0.7865718730661537,2.6987246730733103
-0.5251383411089753,-0.49210069738297463,-1.0,-0.3860714457225143,0.8691231690318655,1.0,6.028441961834863
-0.6399804794245704,1.0,-0.6086202065545475,0.12556157107522126,-0.46546593349077425,0.615029754834973,2.761073961047381
0.006776895003100858,-0.7399636045566398,-1.0,-0.8606820057583611,-0.1387290527008337,-0.09036472029510573,-0.2945346785739822
0.9302009202923154,0.3634124256049829,0.5675366949517542,0.3172318215597263,1.0,0.4669678981061287,-3.436264525704688
-1.0,-1.0,-0.04227685626348188,-1.0,-0.6033420346954486,0.24235561336942468,-2.1956951112204592
0.8059800452848199,-0.03194327931556103,1.0,1.0,0.5975308579465326,-1.0,-1.0927757813038055
-1.0,-0.3403020697209435,-0.31187704941462924,-0.089818446713819,-0.2866220078081755,-1.0,2.2526637534324134
0.3077392031604615,-0.12542762313990516,0.5036043403254149,0.2008487120938629,-1.0,-0.2220075447298363,1.790359714196879
-0.19798605912159659,0.9775380713350721,-0.3461862580191271,-0.7423566162653132,0.5548663875827623,1.0,7.273960849833591
-0.6463121239439016,0.6617376216349314,-0.49610421370447916,-0.3100263485257311,0.37967428726167896,-1.0,3.5907006656461533
-1.0,-1.0,-0.5893364490379771,-0.4400885462068309,0.22825884226094845,0.02200104518203372,-1.3795584117357444
0.965077158712189,-0.22385286577361288,-0.17717378222086516,0.45794103982638695,0.6395174458670658,1.0,0.7055526366637315
-1.0,-1.0,-0.6925204153875597,0.7093985417075168,1.0,0.5532242524847546,-1.0451127609392756
-1.0,-0.9157202853174564,-0.45329386880148914,-0.24522648968115068,0.52718881205177,0.5709113055901873,-0.4226765274030545
-0.8732869005054381,-0.23356494309461212,-0.1327694314040679,0.034025826008941384,1.0,0.6770916200703463,3.6535009737428834
0.5354340074376867,1.0,1.0,-0.08211489350192536,1.0,-0.31309560539242387,-2.9896873384838765
-1.0,-0.14672990397100805,-1.0,0.42649277098111454,0.508107121265572,-0.14186539894383338,-0.5328421157201116
0.17002757607901808,0.40782409073408166,-0.8023380144175334,-1.0,-1.0,-0.9084811576541048,0.5024611366537359
0.3536556651209084,1.0,0.08021907925427663,0.306386145339798,-0.15708018469767604,-0.13069617148011842,-0.022257487283682993
-0.33345049403106364,0.00873505465859703,0.1649503800611229,-0.1364655787505593,-0.9216519715296345,-1.0,0.8887969229589967
0.9575834112931094,-0.3097098942101398,-0.902835237026896,-0.28519087754230804,-0.7466614637371809,-0.3595093181153394,3.324386012333374
-0.11638557364262463,-0.9612540688033012,-0.2689139613027659,0.46645647477604335,-1.0,-0.41671073670914294,1.0289389623513325
-0.12090648797307613,-0.8753477409418645,-0.9796427888731085,-0.18324692871132997,-0.5074661412559974,-1.0,1.4809173421726427
0.46884276790976676,-0.9657013994203218,0.5111197526490772,0.40093082671848124,0.10598014485744123,0.886884137633497,1.5718662312623428
0.5740212055208018,1.0,1.0,1.0,-1.0,-0.2389278945937281,1.8802769603312395
1.0,0.5176201418165598,1.0,0.4933443762899161,1.0,-1.0,-2.807650776647109
1.0,-0.8106873945784274,0.4022184761366696,-0.23667565525686735,-0.17167744006997387,-1.0,7.76236198275991
1.0,0.8527332249082886,0.21540977498967426,1.0,0.24784900425170514,0.8969291580796255,0.6605947400196766
0.4212383012385176,-0.07631555522620076,0.31321501408478025,-0.3919424386549498,-1.0,-1.0,3.5210970717903445
0.89299777533158,-1.0,-0.40060563038599684,-0.033881273571801596,-0.043529357412877445,-1.0,4.644065385178147
-1.0,-1.0,0.3801143302348168,0.24909124228427887,0.3201006900232861,-1.0,5.703567580579222
0.12568341479595557,0.7454372061663348,1.0,0.6624504637894731,-0.2155210968669809,-1.0,1.6929739402798156
0.8434052497205742,0.5749259192886664,1.0,1.0,1.0,0.7752346311469569,-5.65473854442968
-1.0,-0.4615099995867251,-0.11979970389230216,-0.35184836427615473,-0.483995672696926,-0.31881627322004047,-2.3348456317787765
-0.46737537072432034,-1.0,-1.0,-0.6137919774573299,-1.0,0.8763936245889062,1.0525966950486567
1.0,1.0,0.013405866078529227,0.14937596446066137,1.0,1.0,1.459410867239443
0.1312599822229621,0.821202567442367,1.0,-0.7387498464397216,-1.0,1.0,1.6764136853435472
-0.4424003698274611,-1.0,-0.5560240442600923,0.10140714363872028,0.7522896723735257,0.05795923874707476,-0.8668944376199278
-1.0,-1.0,-0.6255227595476885,-0.44325358168037,0.7341709939374633,-0.1847704242810024,-0.896952391091949
-1.0,-0.8658278401634387,-1.0,-1.0,0.31801896574505495,-0.11510098519542145,-5.151203306410702
-1.0,-0.06671811858879972,-0.3984417510015739,-0.6684856147719155,-1.0,-0.005471139508082645,-2.3490830547066928
-1.0,0.14479598233432867,-0.056033046920718255,0.27607371769569833,-0.3487822827162905,-0.48407335904138504,0.0893807060838458
-0.3095229800290984,0.1268546655083953,0.005292002738136625,-1.0,-0.6344008947073871,-0.6203405388566964,0.2331522289332622
1.0,0.9156411711574692,1.0,0.10613702507881184,0.3158155178678759,0.15083121457753773,-3.167950112661464
-1.0,-1.0,0.6377339112012241,0.300815990690873,-1.0,-0.418938169963179,0.48353491800286236
0.5706725815951109,1.0,-0.0216907006180157,-1.0,0.1407741161365419,0.809988016162651,4.787719778203861
-0.010576477003864243,-0.3928492566623588,-0.3911990363449591,0.1015170510242745,-0.5155582674237216,-0.4533079690221633,0.01439509431972405
-0.8232352570167667,-1.0,-0.11302909130412497,-0.5910634990786836,-1.0,-1.0,2.9140335473474046
0.8933970086518819,1.0,0.16921240952673733,1.0,-0.2571489303501685,-1.0,7.27577939313526
-1.0,-1.0,-1.0,-1.0,1.0,0.16612443201691995,-6.744201866504675
-1.0,-0.8958180923523456,-1.0,-1.0,-0.31638040794951483,-1.0,4.199368781110495
-0.8075375458274536,0.9725103801399746,0.4489036470539554,1.0,0.613720405949062,0.04662591561858198,-2.372890563819802
0.8624615463207919,0.03745220416218542,1.0,1.0,0.6186040328199915,0.34436800912113724,-3.6024748245486116
0.524398582146067,0.8898041983196654,-1.0,-0.7720735178056447,0.2635295763871699,-0.12234143244906281,0.1554745853547574
-0.6901126872711105,-0.19529464076066305,-0.4533685299369812,0.05049425164236215,-1.0,-1.0,-0.5455850762449299
-1.0,-0.3294590495271762,-1.0,-1.0,-0.9331250912268768,0.7817163724422755,1.1186251126101638
-1.0,0.2929719451322788,0.3557237430684108,0.6238381875527721,-1.0,-1.0,-0.19617204193317855
-0.9303871404309902,-1.0,-1.0,-0.2979624445644619,-0.4037894428393832,-0.36372161245529444,-4.192670438843282
-1.0,-0.05033940772385548,-0.5240654716008721,-1.0,-1.0,-1.0,0.6661212421470837
-0.8203796522336657,-0.40137163486396227,-0.5371904187647121,-1.0,-1.0,-1.0,1.7420269084122761
0.03245832050243666,-0.37196440476080195,0.6370634252270946,0.37256563626879113,-1.0,-1.0,2.5108553074842295
-0.5658586090924402,-1.0,-1.0,-1.0,-1.0,-0.8132612764372071,2.562206747649915
-0.321891779156967,-0.8047930898451124,1.0,-0.26641336222550205,0.26214490152832076,1.0,-1.1004955735941333
-1.0,-0.9790672338628478,-1.0,-0.7355847845766441,0.21204504939541902,-1.0,3.6801926883930656
-0.5951585662477454,-1.0,-1.0,-0.27150569530152335,1.0,-0.5804479989582602,-1.750929597880106
0.0057024082026525535,1.0,1.0,-0.29388710410457375,-0.3259007690885013,-1.0,-1.7343961125422553
0.5737731980194183,-0.5987046695441828,0.5437391986180117,0.9120825806190507,-1.0,-0.3572521425156414,3.685951959003811
-1.0,-0.14304644199904482,-1.0,1.0,0.512792154388291,0.10117006456129629,-0.7825801452407221
-0.7053431918392208,0.013632382043953312,0.8598641751575515,0.10070071732368735,-1.0,-1.0,-1.4749974734284832
0.617184386645937,1.0,1.0,-0.6215761879323194,0.33891083731192373,-0.11876210091909578,-3.6174561815916007
-0.10000630428532209,-0.15433456408501117,0.7409194722487724,-0.9736643165165604,1.0,-0.32146089284517576,1.491479128503832
-0.873235183390309,-0.5467141903061554,0.5722630366149102,0.10394137996364305,-0.1641863678035823,-0.14915317226440353,0.6696160676619212
-0.6119607074066199,1.0,1.0,1.0,0.5999680225921526,-0.7673412126717438,-5.067114490572202
0.5176388924484261,0.24172570511371738,1.0,0.3741619522832563,-0.708606803901914,-1.0,4.08884060543479
-1.0,-0.2701159072712471,-0.4505426608485641,-0.32410322323612695,-0.19414887484547208,-0.8299185210052621,2.2348887165791655
-0.19203002121961488,0.29970747338261705,-1.0,0.06150113745969581,-0.5193390369539785,-1.0,2.764281143246646
-0.5286317694325332,-0.15375364477974957,0.6790957749567197,0.6911496481081761,-0.9917523029132608,0.6528105919046039,-3.340519066657188
-0.0615337760953598,-0.6669265223031899,0.3365956740723422,1.0,-0.2567066818413616,0.5529324768998736,1.1464560209388823
-0.16458601716231563,-0.8404325781868216,1.0,-0.20872434226224662,0.7209016440444834,-0.8516596022781141,3.465050472927182
1.0,0.15744827968827052,0.13636051678574235,-0.4848824380129222,-0.5581478459520628,0.10379592819817851,1.455338845041642
-0.489540901334335,-1.0,-0.28887446900730546,-0.8371499051885328,-0.3230777851010271,-1.0,4.185942068651899
0.6373578447202233,0.34423963856070644,-1.0,-0.9893850636526622,-0.51182417211565,0.8447868346196883,4.5262885065123575
-0.04710684304554835,-0.9646070280699863,-1.0,-1.0,-1.0,-0.099880815852877,1.732547741726024
1.0,-1.0,-0.718509471190288,0.3955285767298175,0.20600360197184997,0.22637148705537535,-1.9339026694332093
1.0,-0.5715368343228437,0.9057665045606873,0.021621723381730074,-0.9623110297531087,-0.10330473023121062,6.784451415290057
-0.8151963187163866,0.07763288543454283,-0.6992730630685153,-0.2730571545926441,0.41059537215318254,0.7168582328442025,4.239066843357289
-0.9304775270178492,-0.5717884649552845,-0.06455751398390419,-1.0,-1.0,0.43876186727062894,-0.34084206914621185
1.0,0.7949427972579198,0.24408854960417625,0.06952067131548734,-0.7989337129695913,0.09350161834482218,1.64369783905314
0.043082809507238196,1.0,1.0,1.0,0.6337960979964594,0.38649803215081396,-6.578263725623164
-0.7264700947210667,0.040245067196880036,1.0,0.6900043400472967,-1.0,-0.005751473040674693,-2.448759152930081
-0.24680888886061558,-1.0,-0.9276269412591513,-0.6221170970252763,-0.7948542727803546,-0.5396829915624861,-0.7210723092228256
1.0,0.9625459468494434,0.9058441372543591,1.0,0.6229045876099619,0.0618852197215399,-4.771189292430232
-0.18529884216545578,-1.0,-0.43811655546182515,-1.0,-1.0,-1.0,7.383798635373207
0.4874506422247379,-0.522464222709681,-0.3697863935630984,0.026316858351044248,0.44694498245365655,0.32376423026143203,-0.5315908143897111
-0.9727194650616457,1.0,0.9678885739425571,1.0,-0.42050700317332645,-0.6608169341130097,-2.0086440723817183
1.0,-0.29783224888880744,-0.6830664316148738,-0.9834595056466552,-1.0,-1.0,7.442186473525904
1.0,-0.7033944848644926,-0.008136098236321415,-0.28282638271358734,0.1082365665421876,0.4643932241476647,-0.7832903961445554
1.0,0.5379568877788097,1.0,0.6753784195204733,-0.7633751179670806,1.0,1.222383887781004
-0.6272902915993676,-0.27645098818282077,-0.9098797415631361,0.16987740909056592,0.3885479416699815,-0.8773999667985647,3.2886780883409785
0.6288531960731201,0.46178939626773663,0.1823759626117294,1.0,-1.0,-1.0,7.007898212461234
-1.0,-0.6827109103125635,-1.0,-0.30286532991377624,-0.8872943145225064,1.0,3.2944578370794084
0.040573538038175316,-0.636997742528201,-1.0,-1.0,0.19923025147767504,-1.0,3.1112058989380644
0.4636171730413675,1.0,-0.6785099946897762,0.4760638897330207,-0.13222383851023273,-0.9764986627306526,3.340355875579017
-0.5242217255245832,0.45252850980660786,1.0,-0.04677052833041828,-1.0,-1.0,-1.5689352599027977
0.1753237894682393,-0.5161833361987328,-0.14857304203628563,-0.45457382282808756,-0.6061507246366253,-0.9937500698798614,3.550761959590988
-1.0,-0.17748562986763872,-0.6285228147529873,-1.0,-1.0,-0.7339025343028487,0.12115972923583399
0.2135767441505365,-0.24594593919237717,0.24405069912891025,0.009679840385545813,-0.16824747370345855,0.7985160950221948,1.843363146498959
0.4001211261916806,-0.7365846390740788,-0.7248322676620144,0.24578603781538974,-0.001926803460276627,-0.8877436890022461,0.6189982260145515
-0.04348007731770842,-0.4850213025259884,0.2676958922731272,-1.0,1.0,-0.072197210778705,1.2047756807259147
-1.0,-0.04360816847336409,-0.055496753944753285,-0.24071945245401186,0.7012857207531906,1.0,4.4281780170208345
0.3481369061381037,0.6672777703883068,0.46171292359109906,1.0,1.0,0.44576686081402433,-1.5709005959170708
-0.26764169098185886,-0.9255779057684839,-0.9431583378616621,-1.0,-0.32132268660806435,0.24007063556343083,-3.2800156724798657
1.0,0.7271978621298482,0.411237198228943,0.028247913757696086,-0.7133723301600646,-1.0,5.348914439946952
0.18375848255207367,0.16226956612126942,0.5924929138666397,1.0,0.18387253179846308,0.3324027378803729,-0.2602644437684304
1.0,0.1855269437917609,1.0,1.0,-0.48990860295295313,-1.0,6.079258106702212
1.0,-0.05841668521673625,0.3315413590170744,0.6980727293924234,-1.0,0.4866134370359103,3.475526748979004
-0.366504861692631,-0.6991257563290488,-1.0,-0.04861693166485334,-0.3252817301231606,-0.4705318992063333,-0.6231790319804613
-0.4939629547522424,-0.5854296679775197,-1.0,-0.9455246936584193,-0.7559859358543741,0.01787868584826391,-0.7097003452196187
0.6925732963286443,0.8689449664530623,-1.0,-0.7610454866520939,-1.0,-0.24638771771832643,3.433697592271611
0.17366701320794087,-0.7310691948583335,0.04540213516508432,0.2891332502033587,-0.3996256225388115,0.26605464675837665,0.8628584389883421
-0.4258188582818231,1.0,-0.8437113929732192,-0.15765767981577938,-0.47989401525150227,-0.6069604845857844,1.775406753586864
-0.36229122125978075,0.7251902436597311,-1.0,-1.0,1.0,0.8289728371534937,9.528788794806605
-1.0,-0.9208317207094512,-0.7493735153270055,-0.13978935522308955,1.0,-1.0,4.956766771457119
0.2290400298351571,0.19763126787778612,-0.3834935832819619,0.1468894760241827,0.2316265614836004,0.25796431134157527,0.27757586288608527
-1.0,-0.17730920584075527,-0.9203313530398756,-1.0,0.5011837485324645,1.0,5.055422760974261
-1.0,-0.06699881310634681,-1.0,-0.9862567580036987,-0.03184163128048456,-1.0,4.420482684047804
0.7325106130265723,0.88515461101797,0.12441940069087065,1.0,-0.7918866834884262,-0.26115929204057253,4.553255064185614
0.6416307527026288,-0.49571179181911407,-0.3150454322108781,-0.8338700270277384,-0.5447602220917303,0.32300793237552616,1.7142502325579825
0.205686887457239,1.0,0.11692167778118134,0.10448041790046003,-1.0,-1.0,1.6647156282143127
-0.41253045020673373,-0.6888391588151941,-0.6397875132914111,-0.38528944816825206,-0.6900759073268458,-0.22531138199527884,-1.2821376403599873
0.14235377748366207,0.07302450462516119,1.0,1.0,0.6355625237708268,-0.030424124272942943,-1.5097885299234408
0.725826607108141,1.0,0.5684064196461032,0.7407293729766156,-1.0,-0.22130872641543808,2.1974841907258558
0.019937623107371683,0.07258339996268837,0.3698219123501928,0.35813224758379403,-0.11684712464484859,-0.3119001359296847,-0.09407321922939071
1.0,0.6088386194288153,0.8371850594775672,0.438685362734356,0.8734508817732163,1.0,-2.5512339561676636
-1.0,0.5394278292117162,-0.5580492462172854,-0.25326683316207743,-0.1259706005703426,0.26694026668113996,-0.2787919654863942
1.0,1.0,1.0,0.07810547501280474,-0.4668295329236342,-1.0,2.505636082172535
-0.31047787290920104,-0.08557288495238913,-0.8643375119709149,-1.0,0.4955868332470903,0.48465768542612175,0.7314202755050829
0.7717367104706354,0.34183974387644545,0.5039639501183772,0.9945707399157434,0.9597185457711631,-0.10584476813212151,-2.1023742035513804
0.5802935196707226,-0.25964454054309516,-0.7787672459556514,0.42022178738331684,0.5094922052864986,-0.4138558955400391,-0.9731755087369346
-0.6433451354510967,0.3872724713334801,0.03969464619912433,-0.9106860992590007,-1.0,0.031026260691606355,-0.9188856900269036
0.48599719804932,-0.3555167327649592,1.0,0.6502846736985184,1.0,1.0,-3.2227930188471046
0.5420070987040642,1.0,-0.47674293451580446,1.0,-0.035332383455281224,0.17086079355946526,0.9608653999931314
-1.0,-0.0930261708891374,-1.0,0.16675288870982063,0.0694205830864637,-0.15481337531386227,-1.1440039368107344
1.0,1.0,1.0,0.4053474288615539,0.17164965328280768,1.0,-3.4912960996840305
0.41281972104441184,-0.022121472221657446,1.0,0.2869665815204283,-0.9488275768273908,-1.0,3.2125327542502164
0.052563182443443324,1.0,-0.3972077185616357,0.20733925267786477,0.3894372292912701,-1.0,2.601437464916032
0.786771446211347,0.6448378686089289,-0.8956102176137692,0.03126543989064079,-0.07659916203124273,-1.0,1.781256040697608
1.0,0.29123193774528344,0.9983066317789748,0.3282384624138528,0.4954002102114124,-1.0,-0.6059903400028928
1.0,0.8857145948224883,0.7553106883124892,1.0,-0.4333320866908558,0.815006691918437,-0.35985407765757527
-0.363150154991796,-0.8691208100539962,0.2760713143814354,1.0,1.0,0.39244602253709815,0.6019621585837354
-0.5819740719562128,1.0,1.0,1.0,-1.0,-0.232961852258601,-2.7429502492259683
-0.8539724095174924,0.4837186920837543,1.0,0.7257758203721565,1.0,-0.6901984647644657,-0.6675086036356856
-1.0,-1.0,0.7738318098336752,-0.2085261750178654,-0.6738049358008606,-1.0,5.937762448493812
0.1455527420248402,-0.807359115163814,-0.022479855393836123,-0.09424719394668152,-1.0,0.3132041526352792,1.5445700776764588
-1.0,-1.0,0.7555880134470192,-0.13698825707201534,1.0,0.1952618908968886,2.29303484575096
-0.2187445348897179,-0.012722569586521848,-0.5920473027823823,-0.6379378165811866,0.14921723451210722,0.45171943553960003,1.9580872020637456
0.20102534949657644,0.5479131880493104,0.8968001708037099,1.0,-0.22855580322339653,-0.09104872728373264,-2.591431882378071
-0.04823296650341452,0.697320522727265,0.15117836104899673,-0.12947226204696438,-0.3030853340281263,-0.3764214106660444,-0.14732797276510082
0.3530604382359761,1.0,-0.225517669638992,-1.0,-0.05482626848429334,0.41860802293158544,2.6725332003071074
1.0,0.6292378974770876,1.0,0.571486985935115,-1.0,-0.5553983328962274,5.198073677315897
-0.7622831602917999,-1.0,0.17118822244339527,-0.2908237957795141,0.0749214464941299,-0.3127474203521756,2.581178527130726
-0.2770345900347321,-0.11957189246592681,-0.055197858780833164,0.3488374652303404,-0.03458261698249343,0.4563272888433718,0.9484027058746387
1.0,1.0,-0.27208954148185316,-0.3774382347180486,-0.8273603331216433,0.4263500414242132,5.34943827883157
-0.45990356486101125,-1.0,-0.096613224737502,-1.0,-0.8628655234809237,0.6547308375005942,0.21774063829360135
-1.0,-1.0,-1.0,-1.0,1.0,0.7206638411819192,-5.118036343870999
0.20592381686893158,-1.0,0.24722499470650217,0.960918882441842,0.5375709377422485,-0.06791412778421502,-0.5211176597718011
0.013914492508865187,-0.47381956650388624,-0.3730658552711299,0.8491936450488021,-1.0,-0.27637354676476966,0.6439809267634107
0.14877617717823904,0.32629461925713754,-0.7983679970703005,0.0856505008931144,-0.4792435782873492,0.7479892914585275,3.875244352086204
-0.22062037425527836,0.08383344603566517,0.10633462703209245,0.8580961181865823,-0.45550297799082984,-0.8307436038652185,0.46746932297058397
1.0,0.5365746931131276,0.7458279609274827,0.16754239169216367,0.9254478572830729,-0.27763167368264463,-2.1518966537935964
-1.0,-0.18450340113725083,-1.0,-0.848218212200009,-1.0,-1.0,1.526743316676975
0.6635107838879478,-0.19468289660977045,-0.26436874780365904,-0.8118473283889304,0.8473778208135198,0.45143357441437093,-0.23434800759649954
0.31244151829975064,-0.6970724382849494,-0.8412929140292752,0.46786894053694406,-1.0,-0.5442986374466638,0.9734290511180747
-0.09144371408006177,-0.935261894845039,0.7289287337915132,0.4457594170418311,0.28360683220578986,0.7412271067962594,0.7357539974426248
-0.1431350030693239,-0.6241833357182931,0.6644937660227151,-0.4630999113779485,0.06313352555647317,1.0,0.17204219299409618
1.0,1.0,1.0,1.0,1.0,-1.0,-5.894513201836613
-0.278333899150055,-1.0,-0.1540271711339798,-0.024807415943222555,1.0,0.309496236882282,0.21021738571326648
0.05116306481660149,1.0,0.6047435577085534,1.0,-0.35258158848919813,0.632832228598516,-1.4478242461393485
1.0,-0.8999636002936542,1.0,0.20347517594547138,0.5206155967520568,1.0,-2.9746296196815227
-0.557443914375685,-0.10900178962601903,-1.0,-0.6759799077734137,-0.2872821013145861,-1.0,3.5124620591219657
-0.8173199471998711,0.3693293545906623,-1.0,-1.0,1.0,1.0,10.71249788215715
-0.2517146803629859,-0.13338275439535008,-1.0,-0.8913515443441007,-0.25478292529087865,-0.2073336867300355,-1.3810720331164346
-1.0,-1.0,-0.22786271324898344,-1.0,-0.10322795496054404,0.1677858642118334,-1.7173698643068753
-0.7415483644682552,0.038329240412247945,-0.6600457270476655,-0.26723199124008123,0.11973424471858135,-0.07308456783196485,-0.5414515075670773
-0.0771730646097416,0.9556901441278205,0.07791669367902648,1.0,-1.0,-1.0,5.8233233201437
1.0,1.0,0.0913946313997151,-0.02108836002424841,-1.0,-0.09149229628122013,2.8618956834097617
-0.09997153493066968,-0.8979287495154586,0.33247966828819275,0.10698238375894376,0.08872059409546207,0.7476545859090176,0.36721707550479454
1.0,0.5769588060815927,1.0,0.8960552896452795,0.31690819056302866,-0.6052570550234964,-0.3503599190220568
-1.0,-0.03283297021578513,0.29593016957442037,0.16860623693732743,-1.0,-0.3181611016711589,-2.6394213899638275
1.0,1.0,1.0,1.0,1.0,0.25941276819806025,-9.62167564473594
-1.0,-0.12620541898175228,-1.0,0.8116857012654586,1.0,0.5281524337743755,1.4745454952648238
1.0,0.594616074664242,0.025938223533613303,0.16719960882976265,-0.8108781279886224,-0.7798681128882459,4.069551858914965
-0.8778628556240182,-0.20787079599870928,-0.8398030757496644,0.42595417162923943,1.0,0.26549763060554477,1.2964441578641681
-0.7804215282098605,0.527985955417444,-0.5462751179149015,0.6723959164899883,0.3686156544522541,-1.0,3.39993217595673
0.3044906497943183,0.6548536097180985,0.23666173417678787,1.0,-0.921962771257619,0.21284610806030024,2.683488628518492
-1.0,-0.15446766940135848,-0.36464495695200183,-0.33631591168561537,-0.1551695745087036,0.32731492836731013,-0.5489234157658343
0.5904736960468914,0.46775099506215356,0.9724176873218516,0.7611998233432694,-1.0,-1.0,4.567687110167457
-0.713065751767469,0.07654588135590801,0.5890957097628976,-0.05302667794875082,0.10620484730817567,-0.6419502963038011,0.48976157395039066
-1.0,-1.0,-0.24797566832393114,-0.4969084791215837,1.0,0.9991745004094827,3.4573989103037728
-0.7201935043726277,-1.0,0.1340128534536203,-0.6082046668836605,-0.35053672650326406,-0.3171966936482567,0.8923708551619909
1.0,0.21125574933148417,0.15666876712053535,1.0,-0.45158228599183325,-1.0,6.936679558167092
-0.5459731121597401,-0.8449693315118446,-0.5501243604208885,0.47821202169310245,-0.539341269411372,1.0,2.423909645495049
-0.804185239478839,-0.449160081123416,0.06902558598028219,-0.3400084952523858,-0.6310496324410464,0.7393607428735405,-1.6759151048460978
-0.737012778368404,-0.44714681686106583,0.29929346670245444,-0.4611119533928867,-0.7098950900471526,-0.38105374111842427,0.2710944444766892
-0.833261601624397,0.2463321161655989,-0.19572247743483762,-0.12496220953840553,-0.013211363513116692,-0.4727312596866374,0.44627684131296624
-0.22835930264714166,0.9959804743980948,0.2654983544913201,-0.5003296026865316,-0.6562779021497951,-1.0,-0.9242824935406854
1.0,0.27367558487692567,1.0,1.0,0.2693574977613547,0.5590017849999029,-4.279557920163058
1.0,0.9464826083158338,0.981334977912615,0.4413609508693511,-0.6394751599125674,-1.0,4.054194095459532
-0.07323652426689417,-0.3244760929185578,0.8627599975081601,0.9210676249444532,0.11121913952781859,-0.40911912894846647,0.18497190437012467
-0.7063713429564891,-0.4134071414733385,0.010502456002665722,-0.9056023840813843,-1.0,-0.6739039168226153,1.057872702031876
-0.40168584897243914,0.0483651786543105,0.40639322595996535,1.0,0.2652271289377518,-0.6112473637789466,0.6867096993840485
0.5575818072523823,0.7836627809161838,0.018984028614655535,0.7575556278647152,1.0,0.3158969436411934,-0.9723306310030189
0.23642217823525002,0.6765777568634764,0.9012868441303538,-0.8369658847280723,-0.0649481443822077,-1.0,-1.5310668517362969
0.39292575842700406,1.0,0.9148020304195987,0.6675403073924775,0.4858207157039859,0.5100439338921982,-4.194636456932044
0.2614710820799168,-1.0,-0.5971559987980276,1.0,-0.20797170484306138,-0.9402101874513538,-0.24765293263196997
0.2451490440002742,0.13587105491479035,0.501598544827442,0.9067421136673087,-0.6245264560337112,-1.0,4.876991573131854
-1.0,-0.94020603925777,0.5869122624595365,-0.5388140802893258,-0.6550825747085749,-1.0,4.477076028089331
-0.8788224054593134,1.0,0.4957190468642142,-0.5545631409426501,0.4426188679270288,-1.0,0.6252658144998388
0.10913528796129751,0.8768635760436209,-0.7925789985921968,0.49130154424787753,-0.051989005057150206,-0.39814584877795967,1.5029772070706935
-0.8392720776516442,-0.3808677099031619,-0.8425132111187023,-1.0,-0.4094197095877772,0.41881167250823,-1.6295381264073552
-0.2685717046374406,0.13378858392486126,0.5011080923619147,0.8935333643000091,-1.0,-1.0,1.9503436943281505
-0.9646727451593375,0.28270918803038975,-1.0,-0.24691346579090262,1.0,0.033901005233421655,-0.04894051411091421
0.9330430106842924,0.3862562292410033,-0.40731844169864573,-0.012735795605492428,0.12987508493267685,0.3852515083058461,0.1757151997772015
0.8063208539417565,-0.5551423083411015,-0.6930941891485456,-1.0,-1.0,-0.6224561270667961,6.531579092049998
-1.0,0.8496149037086731,-0.36682165238988107,0.6163106315354229,0.33609350881897254,-0.013634502906698986,0.45998852057971384
1.0,0.4608529118070054,0.6558669618062237,-0.5963371050066996,-0.2879596376486788,-0.10183153813900692,0.16507237130484342
-1.0,-1.0,-1.0,-1.0,0.1711170554175485,0.26338985143779126,-6.944791403538383
0.47631678723669624,-1.0,-0.5054496979856483,0.38203260296345903,0.5807966049176547,-0.8478161196307256,-0.29743554401496425
-0.19903696189422843,0.7689369397990363,-0.27392733929954827,-0.05742157684353927,-1.0,-0.9789421267189663,-0.5483644204831726
0.2848113330303248,-0.15665504455946094,-0.37368003399726807,-0.24529312289008315,1.0,-0.22861837855542133,-1.077107426017909
0.9926021543022945,1.0,0.4138188513204011,0.32269998753511797,-1.0,-0.787531460818842,5.384656784122948
0.9803731821682606,0.5412378900659098,1.0,0.019893883946732194,1.0,0.9762369982743098,-4.331734441670848
-1.0,-0.7635279601730418,-1.0,-1.0,-0.14777161241137104,-0.37428767458868517,-2.653693078822349
-0.6411465984199864,-1.0,-1.0,-0.3104239835468441,0.4260185413087882,-0.29960052978480806,-3.13448908426227
0.17410020280214034,0.7015626891234505,0.22397201083524276,1.0,0.01701387738832303,0.8179310891859544,1.1874390791565723
1.0,0.7607590487122355,1.0,0.09113025540765879,0.19102338116798598,-1.0,1.236944879133345
-1.0,-1.0,-0.6879334205394407,-0.39912441197494597,-0.8798108301226106,-0.10534130861212909,-3.294061094137644
-1.0,0.03634829724428512,-0.5750722612988824,-0.9420544544197795,-0.3642445711132444,-0.7717632423952492,0.8792337038028384
0.6854488237850935,1.0,0.3219618226167964,1.0,-0.35358361289178536,0.03938676243667197,1.6482463434469412
-0.425475387224414,-0.868979455916862,-0.5604223179064968,-1.0,-0.6439802190926253,-0.33382314274585867,0.5391296034740218
-1.0,-1.0,0.2978859885951563,0.5270996517030317,0.5420771416646979,0.002497929899634599,1.2592533249692974
-0.4726982428097259,1.0,0.8013874335355947,0.04913410546408642,-0.0019214922526897826,0.007224901702240993,-1.8067377369376632
0.6953878469137434,0.7918497309920371,0.8629946765868064,-0.012922570083825191,-1.0,-0.3447914733030982,0.7759121837000079
-0.5160245535885974,-0.23579277557646972,-0.5526918259198568,-0.1576164869614125,-0.05149879183132089,-0.8956243927031853,2.4820108495821387
0.8688297154346641,-0.038076466708391044,0.8302670355326498,-0.7980818827556695,-1.0,-1.0,7.3470652256075075
-0.8121204979093324,-0.6184659105242674,-0.3539121674282577,-1.0,-0.8729692344189732,0.6904295868974912,-0.5590024395577757
-0.10461214783375444,0.9678664637601115,0.3317509794608949,-0.49050179870038557,0.14164248766295273,0.20341822773100415,-0.48527048721771354
-0.46829838289947406,0.12380198594231628,1.0,0.9339351032464702,0.46466851557601574,0.08109331076175622,-0.06721288825374572
0.23908546183988777,-0.38834701097784535,1.0,-0.14143697952157375,0.5446556566941722,0.2552669971450725,-1.3848671869652258
-0.20840577084874923,-1.0,-1.0,-1.0,-0.31039299913113566,-0.09083831314494334,-3.03966097366236
0.8419314588545395,-1.0,-1.0,0.4418709983987828,-1.0,-1.0,4.489450933408114
-0.9710562582465593,1.0,1.0,-0.41030912730712876,-0.6167909202096004,-0.33889825840370935,-4.882465464074753
0.4830054469441304,-1.0,0.0375390116925266,-1.0,0.5818475985431972,1.0,-1.2655102973959227
-1.0,-0.509528613332733,-1.0,-1.0,0.1412213784590155,1.0,3.803654196077972
-1.0,0.30155710366927374,0.7080959224175986,-1.0,-1.0,-0.2879681960241187,-2.1019083163647725
-0.3779843578931543,-0.04433335316741327,0.46957715929145244,-1.0,-1.0,0.9737852110590275,2.3625161607534877
-0.6867592400431417,-0.9611553154105373,-0.9756028540674491,0.28924736230396986,-1.0,-0.5471281386494036,-5.417897800497892
-1.0,-0.20850964693421892,-1.0,-0.5187821007675015,-0.04462197105325638,0.2943871271096907,-1.4264441119610325
1.0,1.0,1.0,1.0,-0.4016027520232745,-0.7134474369855939,3.6163549093475953
1.0,0.31466835688035455,1.0,0.7721202535350902,0.16207552448023527,-0.9805928526807336,3.3459123728394653
0.35032513899769435,-0.8616775811062796,-1.0,-0.9457276971814451,1.0,-1.0,0.5712308998245196
-0.0003700666445730638,-0.14104717415497764,-0.8921705136572465,-0.6729299948714322,1.0,0.436623146257596,0.5893965565122794
0.3418936629119488,1.0,-0.3154245739328398,-0.06001961308128778,0.04363441576343252,1.0,4.66091675871335
1.0,-0.1295330434894184,1.0,0.9939197316904804,0.32444644007693685,0.9562885412593958,-4.907582529210255
0.0555975688209408,0.037694167977922244,-0.693942173930832,-0.4492638191934627,0.8596752005438764,-0.9140524997524901,1.7490113466395962
-1.0,-1.0,-0.6351344421857754,-1.0,-1.0,-1.0,5.20825850519768
-0.48219287518148146,-1.0,-0.7837627365817731,-0.5946580070202684,-0.9342763295763855,-1.0,2.6750904758637275
0.30314067749711704,1.0,0.30330791645896316,1.0,0.6666332513956605,-1.0,1.8465404200450195
-1.0,0.787130274916959,-0.05800034552982847,0.13468132010646475,-0.26762528420409004,-0.04708031192120926,-0.2500597258598173
-0.3076566675876835,-0.9694294264310876,-1.0,-0.5928049977584098,-0.8630887441670856,-1.0,2.900802648865951
-1.0,0.4413736193629756,-0.3682540146116753,-0.2406062501545163,0.45418541650674915,1.0,4.866951582689215
-0.3229900715513382,-0.9437033555393525,1.0,-0.7315923532042807,-1.0,-1.0,6.095584595913797
-0.06874667959119161,-1.0,-0.8100712984359568,-1.0,0.7421383244740074,0.24140248459163915,-4.040380754225561
0.8271752128458569,-0.5316241743431824,1.0,0.3082874599506913,1.0,1.0,-4.623562336557872
-0.37439782095474916,-1.0,-0.6112824583874918,-1.0,-1.0,-0.3595034615213777,2.5996763439822805
-1.0,-1.0,-1.0,-0.29502986715403523,0.3025326599207264,0.01718131075694615,-5.181477927682358
-1.0,0.025592161884197107,-0.9504182492373883,-0.5240634655255881,0.3317476529872653,-0.8608905482515861,4.343156437778478
0.06600281059890534,0.12617080087385946,0.1931900346315436,1.0,0.40186479920924184,-0.04841945925197133,1.6633083886080902
-1.0,-0.7669588345630335,-1.0,0.08886362661915925,-0.3138150592989941,-1.0,4.263086785022123
1.0,0.5505682567988562,0.2764587446219815,-0.9304888244949472,0.015657316555264256,0.37854909431215966,0.47797673731237333
-1.0,-1.0,-0.11857720750801948,-1.0,-0.7770471116588518,-0.08713601924997105,0.12436549466039337
0.25159311779797644,-0.5179612764506978,0.26995355691286105,1.0,-0.7853140384526665,1.0,3.798273698783255
0.38777513579601885,-0.03307408302336168,0.9332628502388861,-0.401753966766751,-0.17698796515645732,0.4476048714574673,-0.8222667774321939
-1.0,0.5727280630261137,-1.0,0.4595962309570027,0.3179056901675398,-1.0,6.8722475049768255
1.0,-0.9474527660648457,-0.22643908752287129,1.0,0.5618427066347826,-0.34443235685488705,-1.4120571526174914
0.38401573917193077,0.931494774441584,1.0,0.6197743981296043,-0.8267003198440976,-0.19891113917741732,-1.0403856075427205
-0.9309387225119556,-1.0,0.7663059217574316,0.10212596045835293,-0.3890303247917217,-0.37860352569655076,1.9957772993107736
0.6863338420025198,0.4120584402761813,0.4200566454439386,0.7435371642950909,0.2408267076436843,-0.3091019589883737,0.14384498923242234
-0.12740979531177787,-0.7620389043790766,-1.0,-1.0,0.10873872254767791,-1.0,2.5851063864498007
0.42632321423967245,1.0,1.0,1.0,1.0,0.40475232345569157,-7.830832497690416
-0.5180723944588499,-1.0,-0.06657850047466163,0.416268754612363,-0.10259515633258243,-0.8638432021506801,1.802238614775616
-0.1370737235203615,-0.9545460844438713,0.42553896057978935,0.10612483378010582,1.0,0.2610023446538665,1.1278268621611764
-0.06235732289779994,-0.5470006542605168,-0.6717959395041364,-1.0,-0.09217219583573488,-1.0,3.047971070440221
0.799326343924049,0.9690837057167019,0.41237735442243584,-0.29244584965655984,1.0,1.0,2.7463897148506025
-1.0,-0.0028288276303647386,-1.0,-1.0,-0.29202420055717415,0.12376553894200748,-1.6892255313101705
1.0,0.6455140890505124,0.9941077836358627,0.22442323007010412,-0.7568285722141128,-1.0,6.186431056510665
-0.1900771390161754,0.10440111491729831,-0.4372324712464033,-1.0,-0.4214910178717938,0.873432646817326,3.671079858936196
0.7409749042279635,1.0,0.06533769095925243,1.0,0.7505970163683005,1.0,1.319416206108171
1.0,0.4903502278975138,0.10703604917018716,0.8887144484352186,-0.7090050928826432,-0.012748048543497759,2.1714098960325834
1.0,0.34282107291276764,1.0,1.0,0.5916475585031291,0.7223156450580146,-6.192498423870932
-1.0,-0.8852643204422301,-0.7733425751769412,-1.0,0.5555753569117536,0.7040044621352763,-3.1689912923957513
-1.0,-0.7256660661242688,-1.0,-0.7484103522555072,1.0,1.0,4.21791092872509
0.521833952468356,0.3081355038387343,-1.0,-0.43963140613681717,0.46667607574187553,0.5889578683699591,0.6315373745400753
0.8377948334448774,-0.9340873525562006,-1.0,0.5837568849653325,0.1046691287980448,0.5338197949857949,-1.0798270807197112
-1.0,-1.0,0.24023389382534485,-0.9312019250956505,-0.07999116993517535,-0.00558011832623162,-0.784108039633494
0.6221386330696614,0.971937306134455,1.0,0.3611765824828054,-0.06064296832238003,1.0,-3.4526180471544574
-0.09683931835128395,0.5503775802568215,1.0,-0.2990987627734024,0.20600442840754915,1.0,-0.2640593114516404
-0.7916039313080594,-0.4948734816112532,-0.6962124407196015,-1.0,-0.3544874341431634,-0.5401309858684644,-0.6095664874169591
0.6446589772120552,0.5132065345072504,-0.3113267976484092,0.4953117885657259,-0.1341300771915993,0.638176051637849,1.9067863896317232
-0.898752868404834,-1.0,0.1476255795312993,-0.5205469342075154,0.3747055349028515,0.03039273703411549,1.1129631302003222
0.5320409371118836,-0.5496722079735976,-0.3459907978555694,-1.0,1.0,0.57321750446927,-0.3412442421098112
-0.14246042691216154,-0.20503064807771876,-1.0,-0.27421265449062615,-1.0,-0.1220080193309957,-1.7279565789131974
0.19547562185761702,-0.18812648314820402,-0.3991582861905326,0.35147444781748927,-0.0659554552740248,-0.6090325466379278,0.6152654012049353
0.7333201545476621,0.5128694673395222,0.10395539270482068,-0.04686381534262796,0.46998869111028724,-0.6591143697939263,0.48265957747678606
1.0,1.0,0.700557875233234,0.16881278350475082,0.4954858925099901,1.0,-2.5790452024570443
1.0,1.0,0.4109988744783045,0.8569606211199678,1.0,-0.76597769206993,-0.8772392601965635
0.8233080404072403,-0.23941770721864244,1.0,-0.2676801476252364,-0.21273313717202091,-0.4194881296049294,2.4544006747326863
0.17124549316428836,-0.6469414765537718,0.7496657155718114,-1.0,1.0,1.0,-1.2648432314226516
0.3490229691416544,-0.5743776408697142,1.0,-0.36341573592553417,0.2592842730663356,0.8561943370951695,-2.625215044950647
0.29384146482889073,1.0,0.43900551224726625,1.0,0.03607113544803833,0.5722702696501252,-1.81760204679897
0.8211101215802484,-0.06291558613249892,0.42527895984086767,0.7111792124808712,0.17156163127452773,1.0,1.1284078843625578
-0.7523220247609007,-0.10960948468996035,-0.6228034333092365,0.3930354596129303,-0.6577291820516493,0.6794441846678982,0.968337311018582
0.04898367143479454,-0.68981678543856,-1.0,-1.0,-0.29448396587676884,-0.34374810204242323,-1.3765004472812261
0.06743073166151148,0.12015056693884141,1.0,0.6802283873737753,-1.0,0.05229582806850552,-0.7819810557001529
-0.3520645998635852,-1.0,-0.5294768322901413,-1.0,0.3776331633401173,-0.5325992555584875,-0.3866184256179156
-0.8680845654794311,-1.0,-0.7714592802716985,-0.2426125738379865,1.0,-0.4774997315529279,-0.5984870750510302
0.3180141475801982,-0.7716185332009772,0.41800217652390564,-0.3449407157325314,0.6502817837506866,1.0,0.46439590735701775
0.02227281079382852,1.0,-0.4641875951140496,1.0,1.0,-0.4895631014014492,0.04287473780024792
1.0,0.2271892509163147,0.19898360970024764,-0.6216012830000511,0.7418142886004864,0.48107848473964465,-1.1890472712930837
-0.367345695050851,-0.6831927482748967,-1.0,-1.0,-0.6927417128472539,0.9508031565085179,4.69896650817436
1.0,0.302591923060336,0.8044387263415851,1.0,0.38386233030488515,1.0,-2.2094339902282334
-0.44961888719228793,-0.42370834112195666,-0.8877953855489025,-0.8286926890486666,1.0,0.14904011902642167,-1.3099093327806042
-0.05517630719912692,-1.0,-0.9942091021659787,-0.09456329628009841,-0.12674808940755433,-0.3854871648820737,-1.4944789191600543
-0.14263138618809446,-0.6848619266276824,-1.0,-0.2576262115509339,0.13740479454137583,1.0,4.727929222658793
-1.0,0.585089507168914,-0.15573304724677184,0.014312843709721523,-1.0,0.7030065829007706,-1.5005538530679083
-1.0,0.5011181705242143,1.0,-1.0,1.0,-0.4007347750529179,0.6308454387563849
-0.6904438560572599,-0.20231253903469426,-1.0,0.48480340204360484,0.43016600002546446,0.6927212377836465,3.9098397040261563
-0.015191973673364889,-0.656185668357095,-0.40371523641853674,1.0,1.0,1.0,4.565952941376851
0.25664253560177475,1.0,1.0,1.0,0.262151203589954,1.0,-6.3262312901181
-0.9123813558404318,0.3559724238522385,-0.2755216876335175,-0.3166205247324566,0.10398529776560267,0.7055075145381924,1.840896630208468
-1.0,-1.0,-1.0,-0.8959459559605765,1.0,0.634767349934221,-5.165661363742317
-0.13063994136433665,-1.0,-1.0,-1.0,0.5131594596345492,0.7421075519139899,-4.439239826823455
-0.4673495938009046,-0.33719225368939765,-0.6613194177775275,-0.6235129318594971,-0.2513956391650687,0.8006028132868258,1.790475123328608
0.8225657143790162,0.41570878078721685,0.030214371450701494,0.8485839066541221,-0.706673784019302,-0.9342169364856182,5.808687776789739
-0.7503890887413862,-0.4424393560767613,-0.8500492325197038,-0.55139791254784,-0.6155051264930056,-0.48826460199673244,0.577443784404778
0.3940227776537499,-0.40394641997164804,0.5623238960121221,0.33474744146759905,1.0,1.0,1.106085972544471
0.5252225831446917,-0.11620175742403675,-0.9675786930058659,0.6736358868731972,0.31364669443674004,0.12279702423706981,-0.9330571831600616
1.0,0.5735532952364855,0.06036766117858783,-0.06044514096786979,1.0,1.0,0.3286872920101228
-0.07757370133033592,-0.027811708554646764,0.4814276045158781,0.7811232376065826,-1.0,-1.0,2.4399809707240054
-0.7168509486957577,-0.05557246429031126,0.6310579990821695,1.0,-0.15715886988063832,-0.7828921593570957,0.10354441624957889
-0.913275167935533,0.1017261048516436,-0.07567055442397042,-1.0,1.0,1.0,7.664478479793286
-1.0,0.09015064099342773,0.07225530013572021,0.18709061351961725,0.47476918117735956,1.0,2.2916956840677116
0.6170629668553211,0.7576352400548614,0.2967514587810697,0.8966930070733259,-0.7989363881013283,0.24524179598169163,1.7789865550518422
0.42118427543450626,-0.7690861426984007,-0.010868423065171107,1.0,-0.9663326611189728,-0.6319083620873706,4.511231674909777
0.3979299814158981,-0.02808063394667415,1.0,0.3033009342482538,-0.19606977646520507,0.2576961572567512,-0.404198730155831
0.13733958709884864,0.5029424515789518,-0.30872141159397315,-0.1883593376708076,-0.22085896736923405,1.0,4.630859168189344
0.845387327075674,0.1615564576018358,0.2596715529847522,0.7725414952672116,-0.9450527283660914,-0.12724707247879696,2.628818941270124
-1.0,0.6059087030318278,-0.8363190972048213,-1.0,0.19281994284738002,0.5298911167007181,2.3034767874580635
-0.7063199288721153,-1.0,-1.0,-0.4213146547310037,1.0,0.6443889985562523,-1.9386906589716193
1.0,1.0,0.030515174151784175,1.0,0.2911125904594413,1.0,2.5496094265712763
-0.25734542310809533,0.2944043992582094,-0.6653539230599972,0.1900499046618149,-0.11314960832122144,-1.0,3.125556157573066
0.3032901782282096,0.2714380299593973,0.4798361262938242,0.25867164855280306,-0.20349291889434307,1.0,1.5186991481656675
1.0,0.05344571559899447,1.0,1.0,0.8751306861988866,-0.017956312933497642,-4.484629342771782
-0.04428661832309455,0.8912412541956767,0.7820582588143242,-0.6348382538327078,1.0,0.9055445707829984,1.7555220504461264
0.2760508048123888,-1.0,-0.3101215538523935,-1.0,1.0,0.8660168859830694,-1.553876111666736
-1.0,0.5489463743951039,0.7606494285987037,-0.09501623730483216,-1.0,0.422857110212875,-3.071456413133093
0.6265626409731548,1.0,1.0,0.43337134382919473,0.9608144907739566,-0.7924971231622198,-3.797216566127936
-0.2794789386935481,-0.027040730191338458,-0.20501008813383592,-0.3967910332375567,-1.0,-0.4151493702499841,-0.2683081315594429
0.7190820535753317,0.9689060603660853,0.8912682668626131,0.07221862055543649,1.0,0.17757044774920017,-2.9491754096929417
1.0,1.0,0.6272585198241574,-0.4927905166406847,0.20167791208182573,0.04678350751880944,-1.846589155890881
-1.0,-0.4633384548129531,-1.0,-0.5160227305262663,0.4952623176927581,1.0,6.369093273860191
0.598113523422024,-0.8051317699135583,0.046416378697993144,0.2080768053157931,-1.0,-0.8604017965604782,5.295828353195943
0.2081003201045038,-0.8128581105113935,-0.18725616063579265,1.0,-0.6789070009622232,-0.8388812260164203,3.2175188180526506
1.0,0.6741756665054439,0.21131701794766033,0.3100882152629427,1.0,1.0,-0.08630653305345043
0.1710586485264375,-0.5471842305553113,-0.08193670783148227,-1.0,-0.17099865062195063,-1.0,5.401636120264452
-0.6968085910060133,-0.27434394104598603,-1.0,-0.7402705777409497,0.46611643430013994,-0.7087027673274542,1.66339133425049
0.08756878951661617,1.0,0.8372799970160583,0.4849113657957149,0.6454424973148307,-0.7749626734454206,-0.4215080266943172
0.8473825270135865,-0.22750732018372677,-0.8351383005199046,-1.0,-1.0,-0.6441454268595121,4.663286560749895
-0.4474523282165661,-0.9267044843714084,1.0,-0.7810280017016666,-0.4208469984378098,0.1592621145683717,0.7536817878522432
-0.5573787423095853,-0.13744923861507724,-0.6987903889459075,-0.3085112539604835,-0.9989527822398376,-1.0,0.11659496452155507
1.0,1.0,-0.23268289837026124,1.0,-0.009413393806366688,-0.27848758183729083,2.6979497287691743
-1.0,-0.5790097729701726,-0.5444671876705001,-1.0,1.0,-0.5207649860976176,4.436770894151016
-1.0,-0.962548423814124,-0.728475447077422,-1.0,1.0,1.0,1.3133732458826666
-0.5004479654500381,-0.6204073051700892,-0.2108725662181541,-0.4536965966995631,0.743422847662332,-0.4769843952657886,1.6714751453347672
-0.9492558062163099,0.04609679032180947,-0.05026446653315042,-0.887987873180808,0.158058941064193,0.6719486947551427,0.2549874951431341
0.9591388610156966,0.16032945683438982,0.14486229038937637,1.0,-0.5262937836973199,0.5820367985538504,1.2000697527595237
-0.25805684050738265,-0.8298357317885476,-0.3030585108567794,-1.0,1.0,0.8022675548000463,1.7268827797312385
1.0,1.0,1.0,1.0,1.0,0.8734280043457014,-10.629580662162065
-0.23229487645755076,1.0,-1.0,0.07485703008601541,-1.0,-0.42327082394324056,0.48349316330832093
-0.24806223329039745,0.8721174660033294,1.0,-0.058790016628095465,1.0,1.0,-0.06648133533454144
-0.047015263510635674,0.2918976612322307,-1.0,-1.0,-0.7445500115182038,0.8025583594940113,5.172195437832337
0.30392432513449075,-1.0,-1.0,0.38014367895033785,-0.20000695335797802,-1.0,1.1677221160817681
0.024691969268122192,0.0015326357562408521,0.35688945427117863,-0.2478050760121513,-0.40612831374590597,0.4127547751014813,-0.12608346061521214
0.6337654411145595,0.42980207689384037,0.7627416206921804,0.16498995580878373,-0.7497108445103491,-0.43694216348464754,1.8733503023511353
0.5019426744007303,1.0,-0.11682929776525547,1.0,1.0,-0.5962087444123281,-0.37616575017567044
0.6966484301514553,0.04041177119079847,-0.7401673525593893,-0.7786928859134539,0.9833296841470283,0.3114148003085747,-1.6166343542324488
-0.8098008880646631,-0.1104867364177391,-0.556960975660789,0.16820352448309328,-0.15698972674278722,1.0,3.703003533592795
0.5095770582157519,0.7705209011092842,-0.23686236350202727,1.0,0.7127667790249459,0.010208243995115884,-0.7056671755155659
0.20286314134431094,1.0,0.3155793933381028,1.0,-0.0810676320818089,0.5683530890563376,-0.7668973189713553
-0.9512373003323592,-0.3434318630783998,0.22108040390006561,1.0,-1.0,0.5677533867708191,-2.0484736753048414
-0.14494673081819698,1.0,0.9964727976626148,-0.16831503299930095,-0.36394041055213955,-0.8192893965797466,-1.5234207015532122
-0.9703049930335117,-0.13122070116361506,-0.08619221647903885,-0.2389582244965769,-1.0,-0.23663264436392373,-2.3886841990359677
0.7837559692684852,1.0,0.5001946695471972,0.4913708886656625,-1.0,-0.6151749918382154,3.494239507403085
